text,created_at,author_id,lang,latitude,longitude
"RT @MikeHudema: BAM! Rockefeller fund dumping fossil fuels, hits Exxon on #climate cover-up https://t.co/NQ3jOnLQeR #ExxonKnew https://t.co…",2016-03-24T04:20:32.000Z,21273356,en,,
Tell House Republicans: Stop Protecting Exxon from Investigations Over Its #Climate Deception! https://t.co/cpnWwK2vRi #exxonknew,2016-06-15T05:38:58.000Z,17675744,en,,
RT @EcoSystemDown: ExxonMobil CEO: ending #oil production 'not acceptable for humanity.' #climate #exxon #exxonknew #divest #investment htt…,2016-05-27T01:36:17.000Z,1723563360,en,,
RT @ClimateReality: Big Oil took its playbook from Big Tobacco. It’s time to hold companies that mislead us accountable #ExxonKnew https://…,2016-05-02T16:58:30.000Z,4459036341,en,,
RT @MarkRuffalo: Possible foreshadowing? #ExxonKnew  https://t.co/wsRv6wJMz5,2016-05-11T21:09:58.000Z,4252717455,en,,
"RT @Agent350: Bombshell piece from @billmckibben on ""Exxon’s Never-Ending Big Dig"" up in @TomDispatch: https://t.co/d9p27ccPlm #ExxonKnew",2016-02-18T15:18:07.000Z,16888633,en,,
RT @billmckibben: Yale Law dean on #exxonknew 'Prohibitions on fraud go back to Roman times; no sane market could exist without them' https…,2016-06-25T15:00:10.000Z,26135840,en,,
RT @GretchenTG: .@repdonnaedwards The question at hand is whether Exxon knew its products were harmful. AG investigation will inform. #Exxo…,2016-09-14T15:59:14.000Z,14477723,en,,
RT @ClimateReality: US attorneys general will investigate energy firms for climate deception https://t.co/zrwcjxGys1 #ExxonKnew https://t.c…,2016-04-05T08:03:36.000Z,73218643,en,,
Producing climate denial and carbon emissions?! Tell Exxon to come clean and leave ALEC: https://t.co/oI6hiQa4QH #ExxonKnew,2016-05-26T01:28:54.000Z,2702210185,en,,
Conservatives are shamelessly interfering with the #ExxonKnew #climate investigation. https://t.co/h05FmriAou,2016-07-14T12:54:32.000Z,1935656935,en,-81.877771,41.392684
"RT @MarkRuffalo: Why does Putin want Trump Pres? $500 billion opportunity for Exxon, Russia in Trump cabinet pick | MSNBC #ExxonKnew  https…",2016-12-11T00:52:10.000Z,4107239539,en,,
Tell @LamarSmithTX21: #ExxonKnew and we won't back down. https://t.co/f8FIM0DjVw,2016-07-13T18:22:26.000Z,4623732074,en,,
Climate deniers in Congress just escalated the battle over #ExxonKnew. We won't back down. https://t.co/4ZlYiXoJys https://t.co/zCAFl4nJQr,2016-07-14T15:30:30.000Z,14266598,en,,
#ExxonKnew and Exxon lied. It's time for their day in court to come -- add your name &amp; call for an investigation: https://t.co/ashqrAK9T8,2016-02-20T23:18:24.000Z,42892028,en,,
RT @jfknow: Look what Exxon has bought and paid for... #ExxonKnew #climatechange  https://t.co/vFkRsAbPyW via @HuffPostGreen,2016-06-17T18:04:31.000Z,149942264,en,,
RT @EnviroAction: Senate Republicans want DOJ investigation of EPA but not for #exxonknew who misled the public on climate https://t.co/hmw…,2016-01-22T14:21:12.000Z,4049811659,en,,
RT @Agent350: Yes! Protestors are diving to dying coral reefs to point the finger at Exxon: https://t.co/5MBuF3iBMv #ExxonKnew https://t.co…,2016-08-18T16:13:04.000Z,930323370,en,,
"RT @insideclimate: Our reporters asked @theAGU some hard q's about Exxon ties &amp; #ExxonKnew, &amp; they turned their answers into blog post: htt…",2016-05-27T17:57:43.000Z,26135840,en,,
"RT @climatetruth: As we deliver 50k sigs to @theAGU, sending support to those protesting @LamarSmithTX21's hearing on #ExxonKnew. https://t…",2016-09-15T16:54:13.000Z,246501884,en,,
RT @RL_Miller: Text of #exxonknew resolution to @KamalaHarris https://t.co/GSF29SuGQb,2016-01-13T11:51:49.000Z,227780275,en,,
California investigating whether Exxon lied about climate risks https://t.co/YlpkQVzI5P #exxonknew https://t.co/V0ep7hui1P,2016-01-20T18:30:16.000Z,329628561,en,,
RT @ClimateOasis: At #Bioneers16 psyched to hear @350 founder @billmckibben share the vision to stop #climatechange - standing ovations all…,2016-10-22T19:38:04.000Z,16302090,en,,
WSJ Confirms Collusion Behind #ExxonKnew https://t.co/RENB0FBRKp #auspol,2016-04-14T04:40:52.000Z,16073596,en,,
"Just as I suspected. Sigh... https://t.co/NZa4S5g2So

#ParisAgreement #climatechange #fossilfree #ExxonKnew #globalwarming",2016-05-09T20:33:19.000Z,246774523,en,,
"RT @billmckibben: New docs unearthed: by 1980, Exxon execs knew 'there is no doubt' fossil fuel was warming our plant #exxonknew https://t.…",2016-04-26T17:50:14.000Z,263466153,en,,
"RT @wattsupwiththat: More pushback: House science committee issues subpoenas for #ExxonKnew Attorney Generals, Union of… https://t.co/sLYE8…",2016-07-14T17:51:55.000Z,634127491,en,,
ThankCA AGKamala Harris fr investigating Exxon Mobil's deliberate climate deception! #ExxonKnew https://t.co/Utyrbyk7ZB via @ClimateHawkVote,2016-01-21T04:28:24.000Z,222301145,ro,,
"RT @billmckibben: Next shoe drops in #exxonknew scandal--they calculated sea level rise into their new facilities, while denying it https:/…",2016-01-01T01:31:30.000Z,69151655,en,,
RT @Exxon_Knew: .@exxonmobil denied the science and then denied access to its own science to its shareholders and the public -- @PeterWelch…,2016-09-14T13:46:09.000Z,101665915,en,,
"RT @Greenpeace: Big oil braced for climate change while it fought regulations. https://t.co/wBctorF3yi
#exxonknew #shellno #floods https://…",2016-01-08T16:29:09.000Z,3682289297,en,,
"RT @350: Wow, this is bad news for Big Oil: the US Justice Dept. just referred their #ExxonKnew case to the FBI. https://t.co/mgq6URScX8",2016-03-03T23:52:35.000Z,832357716,en,,
"RT @CarbonBubble: Democratic Party wants Justice Dept. to investigate fossil fuel companies 

https://t.co/ubLX2VWJ8s

#ExxonKnew https://t…",2016-06-28T12:16:42.000Z,51002583,en,,
"RT @billmckibben: Turns out Exxon knew how to build hybrid cars 40 years ago, but decided: Nah, that's not how we roll #exxonknew  https://…",2016-10-12T06:56:21.000Z,2681647628,en,,
"The world's coral reefs didn't just die, they were killed #ExxonKnew https://t.co/BUGfQBdS9Q #ClimateRevolution",2016-08-22T02:20:18.000Z,899130248,en,,
"Just to be clear, Tillerson IS the swamp.

Whoever thought the @GOP would hand us to the KGB?

https://t.co/5H24Qe9OKx #ExxonKnew",2016-12-11T01:42:46.000Z,1475784884,en,,
RT @EJLandwehr: .@rsprince @MarciaBunney @Reuters I'm Not Advocating For Fracking… I'm an #ExxonKnew Tweeter &amp; I'm Against #DAPL https://t.…,2016-09-09T16:22:49.000Z,7.16E+17,en,,
RT @StopCorpAbuse: Great piece on AG Exxon investigations via @commondreams https://t.co/gNICn95nmx #ExxonKnew #BigPollutersOut https://t.c…,2016-04-02T16:04:57.000Z,234243421,en,,
"RT @MarkRuffalo: Why does Putin want Trump Pres? $500 billion opportunity for Exxon, Russia in Trump cabinet pick | MSNBC #ExxonKnew  https…",2016-12-11T03:30:58.000Z,711369410,en,,
"RT @UCSEnergy: 13 #climate contrarian attorneys general side with ExxonMobil, threaten to subpoena #cleanenergy sector https://t.co/cfBfdbg…",2016-06-16T17:45:04.000Z,14050550,ro,,
"Rather than help coastal communities transition from a carbon economy, @exxonmobil funded climate denial. #Iditarod2016 #ExxonKnew",2016-03-05T19:44:47.000Z,1076053560,en,,
RT @DeSmogBlog: “There is no doubt”: #ExxonKnew CO2 Pollution Was A Global Threat By Late 1970s https://t.co/csD7ZgwXDU https://t.co/RTlNmO…,2016-07-14T00:10:22.000Z,145882993,en,,
"RT @ClimateReality: ""Denial is no longer a credible business plan."" https://t.co/FQpQOOwuZW #ExxonKnew #ClimateChangeIsReal https://t.co/Jz…",2016-02-02T15:47:49.000Z,961507237,en,,
RT @350: The U.S. Securities Exchange Commission just laid it down to Exxon -- disclose your carbon risk: https://t.co/7N56V6BtZJ #ExxonKnew,2016-03-24T16:51:54.000Z,17495913,en,,
#ExxonKnew they were causing #climatechange 40 years ago. Join in asking state attorneys general to investigate: https://t.co/hxa3gEzTvy,2016-04-01T03:05:30.000Z,258120044,en,,
The latest CYONX CYBERBAHN! https://t.co/fAUPX2oPtv #exxonknew,2016-09-30T07:01:33.000Z,794380410,en,,
Federal Court Delivers Stunning Blow to Mass. AG and #ExxonKnew Campaign https://t.co/9oTnHGFGSu https://t.co/ZHDCyBxngU,2016-10-13T22:43:08.000Z,71869296,en,,
RT @commondreams: GOP Subpoenas in #ExxonKnew Probe  Decried as Oil-Soaked 'Abuse of Power' https://t.co/1486ul8sqF,2016-07-14T19:31:28.000Z,401094657,en,,
"@c3wesson @BSEEC #Exxonknew was a bogus investigation to begin with, no chance of winning. This is going nowhere.",2016-10-28T03:34:20.000Z,3197841434,en,,
"Amazing #ExxonKnew momentum: thx @MassAGO, U.S. Virgin Islands for stepping up! Let's tell more AGs to investigate: https://t.co/kqnKdHv6z2",2016-03-29T23:27:15.000Z,2447021562,en,,
RT @MikeHudema: Bad news for Exxon. Good for news the planet. #ExxonKnew #Cdnpoli #abpoli #tarsands #keepitintheground https://t.co/wDLQpQp…,2016-10-29T08:24:47.000Z,512577250,en,,
RT @EnergyInDepth: Rockefellers Admit Paying For #ExxonKnew Media Coverage https://t.co/o4LElOVD0m,2016-03-24T21:49:04.000Z,2521783891,en,,
The latest The LOGA Daily! https://t.co/SNGZcZo0WN Thanks to @TheHayride @OilandGasnew #exxonknew #fracking,2016-07-09T19:52:01.000Z,76138084,en,,
RT @Exxon_Knew: We fixed 22 THINGS in @exxonmobil's latest post about investigations into their #climatechange denial https://t.co/EVHzBFLO…,2016-10-22T13:34:23.000Z,21723927,en,,
RT @greenpeaceusa: Nice! @AKRisingTide reminded Iditarod sponsor Exxon why all the snow was gone. #ExxonKnew https://t.co/kvGLIGwzSQ,2016-03-07T21:47:16.000Z,2792910554,en,,
RT @Exxon_Knew: Stop saying #Tillerson is good on climate. He leads the oil company WORST on climate #ExxonKnew via @jacobwe https://t.co/P…,2016-12-30T15:11:41.000Z,16474813,en,,
"The world's coral reefs didn't just die, they were killed #ExxonKnew https://t.co/rJ4e30WZzC",2016-08-20T21:48:04.000Z,123971708,en,,
"RT @billmckibben: ""ExxonMobil has a long history of peddling misinformation on climate change."" @elizkolbert in @NewYorker #ExxonKnew https…",2016-12-16T19:43:50.000Z,4026594622,en,,
Help @EnviroAction &amp; friends demand our AGs investigate @exxonmobil for what #ExxonKnew about #climatechange  https://t.co/0ApVFazV7R,2016-05-25T23:34:27.000Z,34308223,en,,
Tell @LamarSmithTX21 and @exxonmobil you stand with #ExxonKnew crew fighting for #climate justice https://t.co/6nd1Owe2si,2016-07-19T12:55:00.000Z,18765989,en,,
RT @billmckibben: Exxon has been using @theAGU to greenwash its sorry record. Will be interesting to see if the board allows that to contin…,2016-09-14T14:25:01.000Z,111770324,en,,
"RT @350: People will not be silenced by Exxon and their allies in Congress -- #ExxonKnew, and we won't back down. https://t.co/eXhDySjYtq",2016-05-25T14:02:20.000Z,133259087,en,,
RT @Greenpeace: Did @Exxonmobil lie about #climatechange? #exxonknew https://t.co/872JjJCWxm https://t.co/D6llvLOKtc,2016-07-13T01:08:57.000Z,2959748436,en,,
"RT @MarkRuffalo: The world's coral reefs didn't just die, they were killed #ExxonKnew https://t.co/OifsRklE3Z",2016-09-08T18:44:43.000Z,344998798,en,,
"RT @350: ""ExxonMobil has a long history of peddling misinformation on climate change."" @ElizKolbert in @NewYorker #ExxonKnew 
https://t.co/…",2016-12-15T23:05:19.000Z,609023194,en,,
"""ExxonMobil has a long history of peddling misinformation on climate change."" @elizkolbert in @NewYorker #ExxonKnew https://t.co/PxvkR3zdmG",2016-12-17T14:00:03.000Z,15554922,en,,
RT @RepTedLieu: Exxon may have knowingly set back all of humanity by failing to inform the public of #ClimateChange. #Exxonknew #ActOnClima…,2016-09-15T02:19:28.000Z,47529409,en,,
RT @gpph: Exxon's shareholders filed a class-action lawsuit against the company for not disclosing climate risks https://t.co/0qF4CD3EiE #e…,2016-12-02T04:28:23.000Z,1522988142,en,,
"RT @ClimateReality: When a company lies to us, we hold it responsible — period. It’s time to hold Big Polluters responsible #ExxonKnew http…",2016-04-23T04:34:12.000Z,7.05E+17,en,,
"RT @CECHR_UoD: Exxon asks court to throw out New York state's climate change case
https://t.co/k7ts188nS8
Well they would wouldn't they?
#E…",2016-10-18T13:21:26.000Z,91899366,en,,
“There is no doubt”: New docs from @desmogblog show #ExxonKnew CO2 was global #climate threat by late 70s  https://t.co/fNWPewQW7W,2016-04-26T23:27:18.000Z,17666727,en,,
It turns out investors don’t like being lied to. https://t.co/jHsZRFYXch #ExxonKnew https://t.co/chik4Repcr,2016-04-04T21:32:47.000Z,1525694971,en,,
Producing carbon emissions and climate denial?! Tell Exxon to come clean and leave ALEC: https://t.co/YW6WmSz0pE #ExxonKnew,2016-05-25T11:44:24.000Z,402447708,en,,
RT @billmckibben: NY's stand-up AG @AGSchneiderman calls out the dark money that's trying to circle Exxon's wagons https://t.co/B2LFQ30r0E…,2016-10-21T23:53:31.000Z,398144666,en,,
"RT @greenpeaceusa: #ExxonKnew about climate change decades ago, and the House ""Science"" Committee is concerned... for @exxonmobil. https://…",2016-06-01T18:46:19.000Z,7.15E+17,en,,
Tell @LamarSmithTX21: #ExxonKnew and we won't back down. https://t.co/cRDEh4H9nk,2016-07-13T19:05:58.000Z,507428435,en,,
RT @billmckibben: Exxon has been using @theAGU to greenwash its sorry record. Will be interesting to see if the board allows that to contin…,2016-09-14T13:51:51.000Z,7.67E+17,en,,
"RT @350: Thank you to Sens. Sanders, Warren and Whitehouse for standing up to Exxon's lobby in Congress: https://t.co/cmpPJugIbk #ExxonKnew",2016-05-29T16:33:17.000Z,1666904976,en,,
RT @billmckibben: The spawn of #exxonknew: study finds rightwing 'thinktanks' spewing science denial in ever-larger quantities https://t.co…,2016-01-08T13:14:19.000Z,2712708546,en,,
RT @simonrlomax: My new column: Targeting climate speech: Colo. group strikes back as liberal AGs stumble https://t.co/Wpx8hWYiZj #1A #Exxo…,2016-07-09T15:26:13.000Z,18803462,en,,
"RT @climatetruth: Shocking: @theAGU board votes for Exxon $ &gt; #StandWithScientists, even during SEC investigation of what #ExxonKnew. https…",2016-10-01T20:34:03.000Z,3341180518,en,,
There's no room for #climatedenial. Tell @theAGU to stop accepting funds from @exxonmobil: https://t.co/KJxwbQag1Z #exxonknew,2016-08-11T14:19:49.000Z,950460720,en,,
"#BernieSanders, #ElizabethWarren Blast Republican Efforts to Derail #ExxonKnew Probe https://t.co/UayBtJyNXR #climatechange #globalwarming🔥",2016-05-28T06:34:36.000Z,31476142,en,,
RT @standearth: Exxon faces a first-of-its-kind lawsuit over climate deception https://t.co/GrFuGf9gLx #Exxonknew https://t.co/GakJEClrPX,2016-10-02T03:29:00.000Z,499134972,en,,
I stood with scientists and told @theAGU to stop accepting funding from @exxonmobil. Join me: https://t.co/uHf1Kmg6rS #exxonknew,2016-08-16T03:42:08.000Z,2832283261,en,,
"RT @MarkRuffalo: Why does Putin want Trump Pres? $500 billion opportunity for Exxon, Russia in Trump cabinet pick | MSNBC #ExxonKnew  https…",2016-12-11T06:14:17.000Z,20328793,en,,
RT @exxonmobil: Anti-oil activists drummed up false allegations against @exxonmobil https://t.co/4oyEEdBUGs #Exxonknew,2016-03-30T10:32:17.000Z,393534866,en,,
Exxon lied about an existential threat to humanity for 30+ yrs. Why? Call for an investigation: https://t.co/IS40MyJ9RD #exxonknew,2016-03-16T11:24:04.000Z,21875834,en,,
"RT @BiologistDan: As CEO of #ExxonKnew, Rex Tillerson has lead the corporate charge into denying #GlobalWarming &amp; #ClimateChange. Cry for t…",2016-12-14T06:39:16.000Z,2350970725,en,,
RT @climatebrad: Every member of House Science Committee defending @exxonmobil's climate deception is paid by Exxon. https://t.co/PJcbw17mo…,2016-06-25T00:44:50.000Z,16411851,en,,
RT @climatehawk1: Exxon Mobil accuses Rockefellers of #climate conspiracy - @nytimes https://t.co/1qz7tCO89j #ExxonKnew #globalwarming http…,2016-11-23T09:34:13.000Z,16517339,en,,
"So very wrong.
 #ExxonMobil #climatecrimes. #ExxonKnew #climatechange #environment https://t.co/L9scAlDOF8",2016-04-06T16:40:28.000Z,38392608,en,,
"Will @SpeakerRyan condone @HouseScience ignorant, corrupt attacks? Take action: https://t.co/HPo5X3MtVC #ExxonKnew",2016-05-29T14:38:58.000Z,74536527,en,,
RT @EnergyInDepth: July 2016: @LamarSmithTX21 subpoenas AGs and groups involved in #ExxonKnew https://t.co/Fn3G4RVeOs https://t.co/LN8fAZ3R…,2016-09-06T13:06:24.000Z,156772034,en,,
Tell @LamarSmithTX21 and @exxonmobil you stand with #ExxonKnew crew fighting for #climate justice https://t.co/HiSYIxxoDN,2016-08-16T08:14:55.000Z,91530019,en,,
"RT @billmckibben: What the banks did to our economy, Exxon et al did to our planet. #exxonknew https://t.co/9aKtajWMtC",2016-02-22T14:25:55.000Z,2792910554,en,,
RT @democracynow: Granddaughter of Exxon scientist confronts oil giant CEO over #ExxonKnew revelations at annual shareholder meeting: https…,2016-05-31T03:47:25.000Z,950738846,en,,
Tell #corrupt @SpeakerRyan: Stop @HouseScience attack on @ExxonMobil critics: https://t.co/iZKaSxjhcO #ExxonKnew #guillotine,2016-06-02T18:40:01.000Z,174585087,en,,
"RT @greenpeaceusa: .@exxonmobil is having a terrible, horrible, no good, very bad week. https://t.co/WAtw50eZ9K #ExxonKnew https://t.co/MId…",2016-04-01T22:27:58.000Z,14588121,en,,
Bad news for Big Oil: the US Dept. of Justice referred their #ExxonKnew case to the FBI's criminal division. https://t.co/dt8TpxUos3,2016-03-09T06:53:34.000Z,458182789,en,,
RT @climatekeith: Gloves are off in #ExxonKnew: NY Attorney General says 'dark money machine' bolstering Exxon's push vs his office https:/…,2016-10-19T20:57:50.000Z,3632923215,en,,
RT @billmckibben: Strong call from Seattle's former mayor for WA @GovInslee to divest from Exxon and #keepitintheground #exxonknew https://…,2016-03-15T23:26:20.000Z,787629229,en,,
the @FBI is investigating what #ExxonKnew about #climatechange. Tell @LorettaLynch to bring @exxonmobil to justice! https://t.co/ZFPOrmUcmF,2016-03-08T22:57:34.000Z,500318625,en,,
"RT @climatehawk1: Creepy, disturbing tracking of #climate activists https://t.co/mKaOg8kF2Q #globalwarming #ExxonKnew #ActOnClimate #divest",2016-06-03T03:10:14.000Z,2180395717,en,,
Well how about that? Via @Reuters: State prosecutors met with #climate groups as Exxon probes expanded https://t.co/BRwUSjacYh #exxonknew,2016-04-15T23:28:37.000Z,160306237,en,,
"Exxon is playing Big Tobacco's denial game, it's time for it to end. Tell Exxon to leave ALEC: https://t.co/9Rtr4wtvBM #ExxonKnew",2016-05-24T13:08:54.000Z,2366023818,en,,
HUGE! The DOJ just passed an #ExxonKnew investigation to the criminal branch of the FBI https://t.co/Ffy0rgbCzl,2016-03-03T17:22:09.000Z,2761677983,en,-124.482003,32.528832
Sign the petition: Tell State Attorneys General to Investigate #ExxonKnew https://t.co/FAK4JdvEyI via @ClimateHawkVote,2016-04-20T03:37:17.000Z,383887047,en,,
RT @MarkRuffalo: Why are we to expect the facts or honest discussion from Exxon when they've been lying for 30 years? #ExxonKnew  https://t…,2016-08-20T20:47:26.000Z,78594572,en,,
Watch. Share. #ExxonKnew #voteclimate https://t.co/kiz1ZLdtgQ,2016-09-29T16:05:38.000Z,65946380,en,,
"RT @greenpeaceusa: ""Exxon Urges Shareholders to Vote Against Climate Change Resolutions""  https://t.co/BSeZTPTghe #ExxonKnew https://t.co/p…",2016-05-25T13:46:16.000Z,2843883581,en,,
.@HoustonChron Column says @exxonmobil docs require investigation of #ExxonKnew on eve of $xom #shareholder meet https://t.co/YfP4tfIsgk,2016-05-25T11:58:27.000Z,16304004,en,,
the @FBI is investigating what #ExxonKnew about #climatechange. Tell @LorettaLynch to bring @exxonmobil to justice! https://t.co/dbSMwZrnmZ,2016-03-12T20:15:42.000Z,17658725,en,,
RT @ClimateNexus: Exxon sues Massachusetts AG to block #climate fraud investigation https://t.co/vZ6ZOs7eXJ via @EcoWatch #ExxonKnew https:…,2016-06-19T15:44:32.000Z,2606171461,en,,
RT @BrettFleishman: Exxon and their fossil fuel peers killed our reefs #ExxonKnew https://t.co/fMu15DUzgP,2016-08-18T18:01:37.000Z,246774523,en,,
"RT @GeoffreySupran: As @theAGU board decides on Exxon $$, climate hero @SenWhitehouse piles on the pressure. @RepTedLieu @350 #ExxonKnew ht…",2016-09-16T23:58:54.000Z,41437591,en,,
Os mares de corais mortos são a cena de um crime #ExxonKnew https://t.co/6zBWRtX2TT,2016-08-23T16:37:46.000Z,176432368,pt,,
Everyone please read Exxon: The Road Not Taken #ExxonKnew,2016-12-10T22:30:03.000Z,42762662,en,-73.962582,40.541722
RT @Greenpeace: The death of coral reefs is a crime. But who is the culprit? https://t.co/4m9WzFgGFt #ExxonKnew https://t.co/e2DRVDsawF,2016-08-18T23:43:48.000Z,94466330,en,,
RT @MarkRuffalo: The Climate Deception Dossiers: Internal Fossil Fuel Industry Memos Reveal Decades of Disinformation #ExxonKnew  https://t…,2016-03-30T15:02:01.000Z,1246746566,en,,
RT @350: It's time to make fossil fuel companies like Exxon history. May 25 in Dallas TX: https://t.co/b9655h8Jrk #ExxonKnew https://t.co/8…,2016-05-02T00:47:00.000Z,4370562018,en,,
ExxonMobil CEO: ending oil production 'not acceptable for humanity' #ExxonKnew  https://t.co/xi2jh9fEWr,2016-05-25T21:38:03.000Z,2444534352,en,,
"Scientists livid at ""jaw dropping"" decision by @theagu to embrace Exxon. #ExxonKnew https://t.co/FYVpIbjzJ9 RELEASE: https://t.co/8hbFJidoA0",2016-04-15T12:55:44.000Z,2555654275,en,,
RT @billmckibben: Earth science titans Jim McCarthy and @michaelemann tell @theAGU to stop taking Exxon's cash #exxonknew https://t.co/FlSQ…,2016-09-14T19:21:25.000Z,7.15E+17,en,,
Help @EnviroAction &amp; friends demand our AGs investigate @exxonmobil for what #ExxonKnew about #climatechange  https://t.co/G5UPI02fyA,2016-05-25T23:20:32.000Z,77914495,en,,
RT @350: Boom -- Al Gore just blasted fossil fuel companies for “deceiving the American people” Livestream here: https://t.co/3IbjWhgV15 #E…,2016-03-29T16:06:54.000Z,1182058098,en,,
Trump considers Exxon CEO for Secretary of State. Sign on to push back against the madness: https://t.co/uBrUQAwtpc #ExxonKnew,2016-12-07T01:30:34.000Z,85920666,en,,
RT @standearth: Exxon faces a first-of-its-kind lawsuit over climate deception https://t.co/GrFuGf9gLx #Exxonknew https://t.co/GakJEClrPX,2016-10-02T12:00:19.000Z,1904451175,en,,
RT @insideclimate: We've launched a new series  on how the oil industry dealt w/emerging climate science. Don't miss Part I! https://t.co/b…,2016-04-17T11:50:01.000Z,151534681,en,,
"RT @GeoffreySupran: Exxon is on the run, calls investigation by 20 state AGs ""politically motivated &amp; baseless"". #ExxonKnew @350 https://t.…",2016-03-30T05:58:36.000Z,2583041431,en,,
"https://t.co/8xDcSIHSex As #ExxonKnew movement dies, desperate eco-activists give each other awards – again https://t.co/u4kRvra5gl",2016-09-13T01:46:35.000Z,3197841434,en,,
RT @MikeHudema: More than 100 scientists ask leading science association to cut ties with Exxon. https://t.co/L0gL0lsZ2x #ExxonKnew https:/…,2016-02-25T05:19:13.000Z,30435298,en,,
RT @repdonnaedwards: Committee's demand for docs represents a huge threat to free speech -  believe it will have a chilling effect on US re…,2016-09-14T18:13:48.000Z,176251477,en,,
RT @prwatch: As #Trump considers former Exxon CEO #Tillerson for State Dept. good to remember that #ExxonKnew and #ALEC did too.  https://t…,2016-12-12T12:01:10.000Z,154667600,en,,
RT @manesandtails1: Take Action! Ask @LorettaLynch to launch a federal investigation of ExxonMobil via @CleanAirMoms #ExxonKnew https://t.c…,2016-01-24T04:06:17.000Z,379869831,en,,
RT @ClimateTruthOrg: Disgusted by Exxon-funded GOP reps on @HouseScience? Sign on &amp; stand with Senators fighting #WebOfDenial. #ExxonKnew h…,2016-07-13T23:09:52.000Z,2186554418,en,,
Join me in thanking @MassAGO for standing up to @ExxonMobil &amp; defending #climate science: https://t.co/yIUJq3Q0AK #ExxonKnew,2016-04-26T15:09:07.000Z,1553141312,en,,
RT @gpph: Exxon's shareholders filed a class-action lawsuit against the company for not disclosing climate risks https://t.co/0qF4CD3EiE #e…,2016-12-02T04:20:10.000Z,7.66E+17,en,,
RT @enjohnston: How the system responds to peaceful protest...but not to those who break the world.#BreakFreePNW #ExxonKnew #ShellNo https:…,2016-05-18T19:15:14.000Z,542400979,en,,
RT @foe_us: #ExxonKnew about climate change for decades and lied to the public. So why are they profiting off tax dollars? https://t.co/ppG…,2016-12-17T19:21:17.000Z,217789469,en,,
Help @EnviroAction &amp; friends demand our AGs investigate @exxonmobil for what #ExxonKnew about #climatechange  https://t.co/R0DhPRru1h,2016-05-26T01:32:18.000Z,85838979,en,,
"RT @greenpeaceusa: The case against Exxon's climate lies is growing, and so is the list of suspects. https://t.co/qxgZarFjCA #ExxonKnew htt…",2016-01-29T06:17:12.000Z,273634868,en,,
Trump considers Exxon CEO for Secretary of State. Sign on to push back against the madness: https://t.co/rPi8U9iit3 #ExxonKnew,2016-12-08T07:16:28.000Z,1316771384,en,,
"RT @billmckibben: Turns out Exxon knew how to build hybrid cars 40 years ago, but decided: Nah, that's not how we roll #exxonknew  https://…",2016-10-05T14:19:00.000Z,2326098805,en,,
"RT @aseifter: The @WSJ is peddling yet another misleading, Exxon-approved attack on the #ExxonKnew #climatechange investigations: https://t…",2016-07-08T23:21:01.000Z,18122583,en,,
RT @Libertea2012: RT Watch: @BernieSanders calls for federal probe into @exxonmobil #ExxonKnew #FeelTheBern https://t.co/t8OmsRZq9Q:… https…,2016-03-11T14:31:26.000Z,3403645486,en,,
"RT @billmckibben: Wow! Reacting to #exxonknew, @BernieSanders just pledged: 'no fossil fuel lobbyist or executive will find work in a Sande…",2016-01-08T22:27:33.000Z,2723055877,en,,
RT @greenpeaceusa: Will Exxon Have to Pay for Misleading the Public on Climate Change? https://t.co/QDjTOy3WB1 #ExxonKnew #Longreads https:…,2016-09-11T20:42:25.000Z,1484348712,en,,
RT @greenpeaceusa: #ExxonKnew about climate change as far back as the 1970s — now its CEO could be Trump's Sec. of State. https://t.co/E4mt…,2016-12-11T06:17:32.000Z,7.89E+17,en,,
RT @GrnChristine: More than 100 geoscientists inc.@MichaelEMann send letter to AGU urging they drop Exxon sponsorship https://t.co/kvJ4aC9C…,2016-02-22T06:49:26.000Z,3076014264,en,,
RT @GeoffreySupran: HUGE DAY for climate justice: 21 youth take US gov to court for failing to protect their future #KidsvGov #ExxonKnew ht…,2016-09-13T19:19:09.000Z,3061606452,en,,
Tell state Attorneys General to investigate Exxon’s climate deception https://t.co/2KTBEAJ8sy via @ciel_tweets #ExxonKnew #ClimateFraud,2016-02-19T19:31:17.000Z,3919684649,ro,,
@TheEconomist #ExxonKnew Also civillians continue to be maimed killed oppressed in Syria and no one seems to give a fuck... but ya VW!,2016-01-12T07:03:46.000Z,45239771,en,,
RT @Greenpeace: US state attorneys general just joined together to condemn climate fraud https://t.co/GIopuWELhg  #exxonknew https://t.co/J…,2016-03-29T23:39:56.000Z,355894343,en,,
RT @climatebrad: Every member of House Science Committee defending @exxonmobil's climate deception is paid by Exxon. https://t.co/PJcbw17mo…,2016-06-22T03:51:06.000Z,2832903670,en,,
RT @Exxon_Knew: .@realDonaldTrump is looking at @exxonmobil CEO Rex Tillerson for Secretary of State. https://t.co/uJxXTNdRur #ExxonKnew #M…,2016-12-02T01:54:11.000Z,281325407,en,,
RT @ciel_tweets: Tillerson’s relations w autocrats forged during decades in oil industry https://t.co/H5j7ZDY1yB #exxonknew,2016-12-20T20:41:52.000Z,546484593,en,,
RT @MarkRuffalo: The Climate Deception Dossiers: Internal Fossil Fuel Industry Memos Reveal Decades of Disinformation #ExxonKnew  https://t…,2016-03-30T17:39:01.000Z,64147321,en,,
RT @RepDonBeyer: It's what this hearing is really about: threatening State AGs 2 intimidate them out of investigating what #ExxonKnew https…,2016-09-14T16:17:41.000Z,614371247,en,,
RT @janekleeb: I guess the podium sign makes it clear this is a #cleanpower not #ExxonKnew presser https://t.co/OyK6WTyIxs moments away fro…,2016-03-29T15:35:31.000Z,785541367,en,,
Rockefellers Divest from Fossil Fuels—Starting with Exxon Because #ExxonKnew - https://t.co/snQAwD6Z7i,2016-03-25T03:00:29.000Z,44870998,en,,
Exxon voted down all climate resolutions AND scrapped equal pay for women. This company wants no role in building the future. #ExxonKnew,2016-05-25T17:44:27.000Z,718663934,en,,
RT @Exxon_Knew: Stop saying #Tillerson is good on climate. He leads the oil company WORST on climate #ExxonKnew via @jacobwe https://t.co/P…,2016-12-23T17:09:46.000Z,410972730,en,,
"RT @SasjaBeslik: #Exxon, it's time to let in the 21st century. That includes talking more. https://t.co/hRng4hBKd8 #climate #transparency #…",2016-05-30T09:41:33.000Z,90272103,en,,
"VIDEO: #WillWeChange? Three Questions from @AlGore’s Latest @TED Talk
 https://t.co/yPQ3LzuI7W @SuzanneMcCarron knows @ExxonMobil #ExxonKnew",2016-02-24T17:52:33.000Z,16273731,en,,
RT @ClimateTruthOrg: New report: @exxonmobil spends about $27 mil/year to obstruct #climatechange action. #ExxonKnew @eroston https://t.co/…,2016-04-07T22:03:34.000Z,1151068046,en,,
Checkout @ClimateTruthOrg annotated version of @exxonmobil's statement on state AG probes #ExxonKnew https://t.co/8psmehgJ7M,2016-05-23T19:48:29.000Z,285136360,en,,
Exxon’s climate denial has hijacked our democracy! Hold it accountable! https://t.co/yTt3JuNQA8 #ExxonKnew,2016-10-15T04:20:33.000Z,394776697,en,,
RT @Agent350: 1/ This is a fascinating piece in the WSJ on the latest twists and turns of the #ExxonKnew case: https://t.co/HAea8Jqc81,2016-12-14T13:47:20.000Z,14799078,en,,
"RT @MarkRuffalo: Sure, lying about Climate Change for decades may be seen as pragmatic, but for who? #ExxonKnew about and pragmatically cov…",2016-12-14T18:53:30.000Z,910853786,en,,
RT @ClimateTruthOrg: Disgusted by Exxon-funded GOP reps on @HouseScience? Sign on &amp; stand with Senators fighting #WebOfDenial. #ExxonKnew h…,2016-07-13T23:09:52.000Z,2186554418,en,,
RT @ClimateReality: Big Oil took its playbook from Big Tobacco. It’s time to hold companies that mislead us accountable #ExxonKnew https://…,2016-04-16T11:54:35.000Z,2184281108,en,,
RT @Greenpeace: Rockefeller divests from 'morally reprehensible' Exxon https://t.co/5Rex3734B0 #ExxonKnew https://t.co/o8C3hXzWO6,2016-03-24T10:42:33.000Z,91358400,en,,
All of us and your offspring are DOOMED because of your POISONOUS Black Gold #exxonknew https://t.co/oWSOevCvsV,2016-02-16T14:06:33.000Z,59102586,en,,
"Will @SpeakerRyan condone @HouseScience ignorant, corrupt attacks? Take action: https://t.co/qvzQkNZyMq #ExxonKnew",2016-05-30T01:11:41.000Z,16286448,en,,
RT @Exxon_Knew: NEW REPORT: @exxonmobil's climate record is terrible. https://t.co/JshT2enjh9  #ExxonKnew https://t.co/jy07KrhbWN,2016-10-08T13:49:59.000Z,906020701,en,,
RT @350: Reminder: Exxon is subpoenaing us because we dared say #exxonknew. Now we're going to get louder. Help out here: https://t.co/xMmg…,2016-12-11T13:41:59.000Z,443149120,en,,
"RT @oceanCRIES: #BPknew #exxonknew #theyallknew 
#EarthDay #oilspill #DeepwaterHorizon https://t.co/qxi6cgUAmM",2016-04-14T15:12:08.000Z,2710806905,qme,,
RT @350: Exxon's shareholders file lawsuit against the company for not disclosing climate risks. Even they're mad #ExxonKnew https://t.co/L…,2016-12-03T14:37:42.000Z,15761785,en,,
Trump considers Exxon CEO for Secretary of State. Sign on to push back against the madness: https://t.co/aLq5DEhT66 #ExxonKnew,2016-12-07T16:19:38.000Z,23100552,en,,
#ExxonKnew and Exxon lied. It's time for their day in court to come -- add your name &amp; call for an investigation: https://t.co/kGc4D3I5Hh,2016-02-20T21:45:01.000Z,26553287,en,,
"RT @enjohnston: ""As vicious &amp; disturbing as Donald Trump’s lies are, Exxon’s are insidious, &amp; more dangerous"" https://t.co/BC5YcbWE2T #Exxo…",2016-12-19T18:19:39.000Z,3940499501,en,,
RT @SelMill: #ExxonKnew and Exxon lied. It's time for their day in court to come -- add your name &amp; call for an investigation: https://t.co…,2016-02-21T01:22:25.000Z,3164513660,en,,
RT @EIDOhio: AGs desperate to keep #ExxonKnew documents secret…so what are they hiding? https://t.co/VohLNYI1kY,2016-08-06T00:09:10.000Z,2521783891,en,,
RT @greenpeaceusa: #ExxonKnew https://t.co/DgKNAWJZnJ,2016-08-07T23:00:19.000Z,2775281293,qme,,
Sign here to tell @jiminhofe &amp; his @EPWMaj to hold #HearingsNotSnowballs on what #ExxonKnew vs told #Congress https://t.co/ZWQJz9nVCB,2016-02-09T22:26:56.000Z,1045136112,en,,
Ilana Solomon: #ExxonKnew About Climate Change and ExxonKnows How to Use Trade Deals to Get Its… https://t.co/4Rq1BqoJph | @HuffingtonPost,2016-06-03T18:21:11.000Z,4454674272,en,,
Urgent: #StandWithScientists &amp; call on @theAGU's Board to drop Exxon sponsorship. https://t.co/0fvDnq0mQI #ExxonKnew,2016-09-26T18:53:54.000Z,2897981366,en,,
RT @350: Fire at Exxon's oil refinery yesterday. Fossil fuel infrastructure is not safe. https://t.co/CENWL30UPl #exxonknew https://t.co/CS…,2016-04-09T02:33:10.000Z,4165275237,en,,
RT @RisingTideNA: Lamar “McCarthy 2.0” Smith Subpoenas #ExxonKnew Investigators https://t.co/mSagaGxPGL … @350 @Greenpeace,2016-07-14T21:34:16.000Z,15700177,ro,,
RT @BrettFleishman: Exxon said it has been unfairly singled out 😿#ExxonKnew  https://t.co/zpO91PMQ9N,2016-05-07T00:17:12.000Z,15200719,en,,
RT @backboneprog: Oil company records from 1960s reveal patents to reduce CO2 emissions in cars https://t.co/uMzFQlmiKi v @guardian #ExxonK…,2016-05-23T17:54:12.000Z,217118762,en,,
"RT @MarkRuffalo: The world's coral reefs didn't just die, they were killed #ExxonKnew https://t.co/OifsRklE3Z",2016-09-08T19:59:16.000Z,7.68E+17,en,,
RT @Greenpeace: In @ExxonMobil’s words: “There is no doubt” that C02 was a harmful pollutant #ExxonKnew https://t.co/ziQJ8XZjiE https://t.c…,2016-05-02T07:30:32.000Z,2976495905,en,,
Tell Republican attorneys general to stop interfering with states investigating Exxon: https://t.co/OLmalEoLd2 #exxonknew,2016-06-21T17:16:45.000Z,26859554,en,,
"#ExxonKnew about the #climate, and they lied. Tell your Attorney General to investigate Exxon: https://t.co/h9aKwqNGht via @priceofoil",2016-02-20T23:45:29.000Z,438266048,en,,
"#oilandgas
#pollution 
#PolluterPay 
#ExxonKnew https://t.co/RI74kVy5M1",2016-04-10T00:12:44.000Z,3253014745,qme,,
"Blijkbaar #shell, #ExxonKnew @NAMbv https://t.co/E7FZqlIQxp",2016-11-15T19:39:01.000Z,2961963399,nl,,
"RT @MarkRuffalo: The world's coral reefs didn't just die, they were killed #ExxonKnew https://t.co/OifsRklE3Z",2016-09-08T22:39:41.000Z,525526285,en,,
"RT @Exxon_Knew: ""ExxonMobil has a long history of peddling misinformation on climate change."" @elizkolbert in @NewYorker #ExxonKnew https:/…",2016-12-15T20:32:58.000Z,723417086,en,,
Call On Your State Senator to End the Era of Climate Science Deception. Vote YES on #SB1161 https://t.co/9nZatiuz5s #CALeg #ExxonKnew,2016-05-21T01:01:24.000Z,15301778,en,,
RT @sierraclub: #ExxonKnew about the dangers of #climatechange for decades and is responsible for one of the costliest environmental disast…,2016-12-13T04:29:49.000Z,2437114425,en,,
Urgent: #StandWithScientists &amp; call on @theAGU to drop Exxon sponsorship at this week's board meeting. https://t.co/eihxDUQhqv #ExxonKnew,2016-09-14T01:00:14.000Z,605747919,en,,
RT @ALEXNEWMAN_JOU: Going on Reno's best talk radio now to expose #ExxonKnew AGs for criminal conspiracy vs.1st Amendment. Listen: https://…,2016-07-20T15:57:41.000Z,3308781515,en,,
RT @CLF: BIG NEWS: We're filing the first lawsuit in the U.S. against ExxonMobil for climate cover-up: https://t.co/L0KYcdueAI #ExxonKnew #…,2016-09-30T00:26:10.000Z,634812478,en,,
Not even @BillGates thinks oil companies are worth engaging with. Time to divest. #ExxonKnew https://t.co/ihJYPpac0p,2016-05-13T13:20:08.000Z,718663934,en,,
"RT @Agent350: “Nominating Exxon’s CEO as Secretary of State is like nominating a Tobacco Industry CEO as Surgeon General,” @UCSUSA #ExxonKn…",2016-12-12T21:17:32.000Z,15200719,en,,
"RT @Exxon_Knew: ""ExxonMobil has a long history of peddling misinformation on climate change."" @elizkolbert in @NewYorker #ExxonKnew https:/…",2016-12-20T18:20:20.000Z,3453309556,en,,
"@Mad_Catur hell, thirty. #exxonknew",2016-05-05T23:54:46.000Z,573857778,en,,
"RT @EcoWatch: #Exxon Forced to Implement #Climate-Friendly Accounting
https://t.co/5jnFKQoSwW #ExxonKnew @AsYouSow @sierraclub https://t.co…",2016-03-25T17:14:13.000Z,251269669,en,,
Tell Republican attorneys general to stop interfering with states investigating Exxon: https://t.co/vCgLVAAwFZ #exxonknew,2016-06-21T17:08:15.000Z,3624181222,en,,
Tell @LamarSmithTX21 and @exxonmobil you stand with #ExxonKnew crew fighting for #climate justice https://t.co/Ft0pAclIQW,2016-08-15T12:44:27.000Z,21539598,en,,
I just told @ExxonMobil to face reality and act responsibly on global warming. Now it’s your turn: https://t.co/gunJkRENp9 #ExxonKnew,2016-06-29T18:06:59.000Z,560323997,en,,
The latest Climate News! https://t.co/t9d87GaP7H #exxonknew #nodapl,2016-12-16T08:29:02.000Z,136700403,en,,
"RT @SenSanders: Congress must hold corporations accountable, not give them cover to lie to the American people. #ExxonKnew",2016-05-27T00:15:56.000Z,182229260,en,,
RT @dgendvil: Sign the petition: Tell State Attorneys General to Investigate #ExxonKnew https://t.co/t6edP2JOV6 via @ClimateHawkVote,2016-04-22T21:52:27.000Z,2761238475,en,,
RT @citizensclimate: News on the #exxonknew front https://t.co/6DECjJns46 https://t.co/8IjuBGPGPY,2016-06-24T15:41:38.000Z,118177842,en,,
RT @DeSmogBlog: #Republican Attorneys General Met Secretly w/ Exxon Lobbyists to Stop #ClimateChange Investigations https://t.co/pnXQtj9T7E…,2016-10-06T19:05:08.000Z,851797184,en,,
I just told @ExxonMobil to face reality and act responsibly on global warming. Now it’s your turn: https://t.co/pJ63DSrgPx #ExxonKnew,2016-06-29T21:58:46.000Z,14818010,en,,
"RT @ClimateReality: When a company lies to us, we hold it responsible — period. It’s time to hold Big Polluters responsible #ExxonKnew http…",2016-04-23T06:21:34.000Z,1324488289,en,,
RT @bmcushing: New chapter in the #ExxonKnew saga: Hybrid car technology was another road not taken (via @neelaeast @insideclimate) https:/…,2016-10-05T16:12:49.000Z,245983319,en,,
RT @EcoWatch: Feds Refer #Exxon #Climate Investigation to FBI https://t.co/tR8cYY3WsD #exxonknew @sierraclub @350 @ClimateReality https://t…,2016-03-04T15:07:12.000Z,2363438497,en,,
RT @wattsupwiththat: Journalist: #ExxonKnew is ‘completely unraveling’ https://t.co/GN38hGrdKH https://t.co/wfXj13RzNQ,2016-08-29T19:58:32.000Z,26036200,en,,
Way to go! @CalAGHarris opening an investigation into what #ExxonKnew https://t.co/e4CQjRMSl5 #EnviroAction #Ecocide,2016-01-23T01:00:33.000Z,91631007,en,,
"RT @EEPublishing: ClimateWire: Rift emerges over #Exxon -- engage or divest?
by @benhulac @MikeLeeFW https://t.co/VRWn0NEzXy 
#ExxonAGM #cl…",2016-05-26T15:55:47.000Z,785541367,en,,
RT @350: Why is this Congressman investigating people -- instead of Exxon? Time to call out this corruption: https://t.co/4bEsbsmOdP #Exxon…,2016-09-13T14:33:00.000Z,7.15E+17,en,,
RT @ClimateTruthOrg: Disgusted by Exxon-funded GOP reps on @HouseScience? Sign on &amp; stand with Senators fighting #WebOfDenial. #ExxonKnew h…,2016-07-13T23:09:52.000Z,2186554418,en,,
RT @schellhor: Exxon tries to bury climate documents by claiming First Amendment rights https://t.co/Ly7wZmYV3w via @HuffPostPol #ExxonKnew,2016-04-20T23:31:13.000Z,205714033,en,,
RT @4589roger: Ask attorneys general to investigate Exxon for hiding #climatechange sci while funding denial. #ExxonKnew  https://t.co/juLW…,2016-03-29T20:26:12.000Z,1723563360,en,,
I just told @ExxonMobil to face reality and act responsibly on global warming. Now it's your turn: https://t.co/s4NaIS8IkH #ExxonKnew,2016-06-30T16:35:18.000Z,24976819,en,,
RT @DeSmogBlog: Did Exxon Lie About Global Warming? https://t.co/EJecTCM8LC via @rollingstone #climate #denial #ExxonKnew,2016-06-30T20:13:06.000Z,2422311282,en,,
"RT @Exxon_Knew: ""ExxonMobil has a long history of peddling misinformation on climate change."" @elizkolbert in @NewYorker #ExxonKnew https:/…",2016-12-20T08:00:54.000Z,209215642,en,,
"RT @anneli8012: @Khanoisseur yep, Exxon knew about Russia mobster ties this is illegitimate peotus who shld be in jail #russiagate #ExxonKn…",2016-12-31T21:40:05.000Z,8.00E+17,en,,
RT @350: Exxon may have committed one of the biggest corporate crimes ever - and Congress is targeting us instead. https://t.co/tF5Fr1UeUs…,2016-05-25T15:46:43.000Z,36366440,en,,
"RT @billmckibben: Interesting, nuanced piece about how the #exxonknew scandal is playing out https://t.co/KWms6NYsko",2016-06-30T16:57:58.000Z,49683051,en,,
RT @Exxon_Knew: NEW REPORT: @exxonmobil's climate record is terrible. https://t.co/JshT2enjh9  #ExxonKnew https://t.co/jy07KrhbWN,2016-10-08T06:21:02.000Z,417571583,en,,
"RT @greenpeaceusa: A10 #ExxonKnew abt climate for yrs, mislead public, now some in Congress defending them. Coincidence? #NoSecretMoney htt…",2016-06-29T22:36:31.000Z,976887366,en,,
"RT @KiraOnClimate: Be afraid. Be very afraid.

https://t.co/HC5gSBy8ZR

#DonaldTrump #NeverTrump #climatechange #ExxonKnew #ParisAgreement",2016-05-27T18:59:59.000Z,2266197685,en,,
RT @PriceofOil: #ExxonKnew about the #climate &amp; they lied. Tell your Attorney General to investigate Exxon: https://t.co/KWPr9Jnkwj https:/…,2016-02-20T17:20:51.000Z,15200719,en,,
RT @picsneedahome: .@SenRonJohnson is happy protecting @exxonmobil but won’t protect WI lives from climate change #ExxonKnew #WIunion https…,2016-10-13T01:34:55.000Z,260335091,en,,
"RT @350: Exxon's ridiculous new ad presents itself as ""nothing more than a merry band of do-gooders"" #ExxonKnew

Read: https://t.co/dOaGgmG…",2016-08-09T21:04:25.000Z,5849252,en,,
"RT @350: Exxon CEO Rex Tillerson deserves federal investigation, not federal office. https://t.co/WbOTMko7ok #exxonknew https://t.co/VY1PyM…",2016-12-10T23:08:56.000Z,112258496,es,,
The death of Samoa's beautiful reefs brought to you by Exxon #ExxonKnew https://t.co/vHdzJSbCM8,2016-08-22T18:30:29.000Z,354107248,en,,
"RT @andy_rowell: Big #oil is heading 4 extinction, warns FT &amp; it could happen faster than many predict. https://t.co/Ouws80LEZN #keepitinth…",2016-05-31T23:56:54.000Z,15200719,en,,
"RT @350: If you live in the US, call for an investigation: https://t.co/mt5iMZIWgV #ExxonKnew https://t.co/KYIxRAnkKt",2016-05-10T00:40:18.000Z,37006442,en,,
Help @EnviroAction &amp; friends demand our AGs investigate @exxonmobil for what #ExxonKnew about #climatechange  https://t.co/x4EaE26kkm,2016-05-26T00:52:00.000Z,438266048,en,,
Take Action: Shut down @HouseScience attack on @ExxonMobil critics: https://t.co/84gadkY5NX #ExxonKnew,2016-06-15T15:52:13.000Z,40455336,en,,
"RT @ClimateTruthOrg: Exxon complains about #ExxonKnew hashtag, agrees they knew about #climatechange. Keep digging yourself into a hole. ht…",2016-08-17T22:30:56.000Z,18754969,en,,
RT @ClimateTruthOrg: Disgusted by Exxon-funded GOP reps on @HouseScience? Sign on &amp; stand with Senators fighting #WebOfDenial. #ExxonKnew h…,2016-07-13T23:26:32.000Z,4865696938,en,,
Producing carbon emissions and climate denial?! Tell Exxon to come clean and leave ALEC: https://t.co/HscmAYeLzF #ExxonKnew,2016-05-23T20:15:10.000Z,21429852,en,,
@CrabDiving @ReverbPress Now we know @realDonaldTrump knows. Ya all know. Stop pretending! Stop destroying! @SpeakerRyan #ExxonKnew @maddow,2016-12-20T17:32:29.000Z,513265708,en,,
RT @350: Exxon's cronies in Congress just sent another round of letters trying to intimidate groups calling out #ExxonKnew. https://t.co/1b…,2016-06-27T19:24:21.000Z,430163968,en,,
"Exxon Mobil AGs case is 100% political, #Exxonknew is next big eco-activist battleground https://t.co/osxzNW6qTs https://t.co/nxlIFcB1Fa",2016-04-18T01:43:10.000Z,3197841434,en,,
#exxonknew https://t.co/9zLcLN8nec,2016-10-05T00:46:40.000Z,2331421572,qme,,
It couldn't happen to a nicer company! #ExxonKnew #EnergyLiesHere https://t.co/GHkKWo0j13,2016-09-21T05:37:50.000Z,3316346737,en,,
@SpeakerRyan: Stop @HouseScience attack on @ExxonMobil critics: https://t.co/J5eteo2Y33 #ExxonKnew,2016-06-08T14:02:27.000Z,83999248,en,,
"07-18-16

Tell @LamarSmithTX21 and @exxonmobil you stand with #ExxonKnew crew fighting for #climate justice https://t.co/uWOzGsAqKH",2016-07-18T23:39:05.000Z,354472149,en,,
RT @ClimateReality: Big Oil took its playbook from Big Tobacco. It’s time to hold companies that mislead us accountable #ExxonKnew https://…,2016-05-10T09:01:07.000Z,182182978,en,,
RT @Exxon_Knew: #ExxonKnew about global warming. Why not acknowledge the huge impact it'll have on their business? https://t.co/uB0wQ9p6mz…,2016-10-17T05:45:29.000Z,91748292,en,,
"RT @ClimateReality: ""Denial is no longer a credible business plan."" https://t.co/FQpQOOeTBm  #ExxonKnew #ClimateChangeIsReal https://t.co/q…",2016-02-03T15:40:00.000Z,13895242,en,,
RT @350: This case just went federal. SEC is investigating Exxon for climate change and accounting practices: https://t.co/A8bW5BOIuz #Exxo…,2016-09-20T20:17:07.000Z,304822059,en,,
"RT @Exxon_Knew: ""ExxonMobil has a long history of peddling misinformation on climate change."" @elizkolbert in @NewYorker #ExxonKnew https:/…",2016-12-25T11:15:44.000Z,33788890,en,,
"FBI to see Exxon distorted science, funded deniers &amp; set back political will @RL_Miller @climatehawkvote https://t.co/P88dUJebfS #ExxonKnew",2016-03-09T19:31:50.000Z,192842634,en,,
"RT @Exxon_Knew: ""ExxonMobil has a long history of peddling misinformation on climate change."" @elizkolbert in @NewYorker #ExxonKnew https:/…",2016-12-15T20:04:12.000Z,242465772,en,,
"RT @EnergyInDepth: Things are so bad for #ExxonKnew groups, they’re reverting to their botched IRS targeting scheme https://t.co/avvkTw2xkP…",2016-10-07T14:14:20.000Z,156772034,en,,
RT @ClimateRetweet: RT Sierra Club: #ExxonKnew about climate change &amp; hid the truth. Now Big Oil's friends in Congress are protecting … htt…,2016-06-07T15:34:10.000Z,4362198981,en,,
"""The coral die-off crisis is a climate crime and Exxon fired the gun"" 
#ExxonKnew must-read: https://t.co/N6WFBtmWfk https://t.co/hJG9bZQQEO",2016-08-18T13:24:01.000Z,14266598,en,,
"RT @350: The Great Barrier Reef is a crime scene, and Exxon is holding a smoking gun. https://t.co/UeYy5C6Cec #ExxonKnew",2016-10-14T16:27:07.000Z,141161324,en,,
"RT @SenSanders: Congress must hold corporations accountable, not give them cover to lie to the American people. #ExxonKnew",2016-05-27T08:16:10.000Z,805902013,en,,
RT @climatekeith: US House Committee is taking a swipe at enviro groups who are asking what #Exxonknew  https://t.co/wT8iBAjqQw,2016-05-19T17:27:53.000Z,145558311,en,,
"RT @AlexEpstein: Tune in NOW to ""You Can Say That"" with @JohnStossel on Fox Business. We talk #ExxonKnew and #FreeSpeech.",2016-09-10T01:09:52.000Z,860660174,en,,
RT @fightdenial: Climate change is real. Impartiality from corrupt @LamarSmithTX21 protecting @exxonmobil is not. #ExxonKnew https://t.co/m…,2016-08-07T18:25:08.000Z,3233782181,en,,
RT @MarkRuffalo: And when did @exxonmobil decide to inform the rest of us? #ExxonKnew and willfully helped it happen.  https://t.co/z1fU2XP…,2016-02-29T20:47:02.000Z,946061162,en,,
"RT @greenpeaceusa: #ExxonKnew about climate change, but decided to look the other way. Take action &gt;&gt; https://t.co/HpDr0Wxdu3 https://t.co/…",2016-01-03T23:13:48.000Z,2903119641,en,,
RT @350: Attacks on democracy and free speech are vital to protect Exxon's profits. They know the world has turned against them. #exxonknew,2016-12-13T17:40:41.000Z,3320700031,en,,
Lazy Journalism from The Nation Signals Desperate Times for #ExxonKnew Campaign https://t.co/ZDluZKK13L,2016-06-24T16:05:01.000Z,16120950,en,,
"Beer is in jeopardy... now it's really serious. 
#exxonknew  https://t.co/iSSSl8hcgf",2016-02-09T01:59:16.000Z,2256692846,en,,
"RT @Exxon_Knew: Rex Tillerson for Sec of State? Bring on the hearings, @exxonmobil &amp; @realDonaldTrump. #ExxonKnew https://t.co/Ksnm7oyRnl h…",2016-12-12T06:37:46.000Z,274893674,en,,
RT @AllanMargolin: #ExxonKnew - PAINFUL BLOCKAGE: Exxon moves to block #climate probes inNY &amp; MASS https://t.co/1nlOR72jqU via @thehill @ne…,2016-10-17T21:13:32.000Z,7.46E+17,en,,
"RT @MikeHudema: BAM! Rockefeller fund dumping fossil fuels, hits Exxon on #climate cover-up https://t.co/NQ3jOnLQeR #ExxonKnew https://t.co…",2016-03-24T09:31:43.000Z,242197942,en,,
RT @billmckibben: Great editorial in @BostonGlobe backing @MassAGO Maura Healey for taking on #exxonknew even in face of intimidation https…,2016-09-14T15:55:51.000Z,17219553,en,,
RT @fightdenial: Damn right @BernieSanders. It's time to break through the lies and deception. #ExxonKnew... now we do too.  https://t.co/9…,2016-09-08T02:50:25.000Z,541902518,en,,
RT @MikeHudema: African Nation Slaps #Exxon With Fine Nearly 7 Times Its Own GDP: https://t.co/p5zM6o4mQM #ActOnClimate #ExxonKnew #KeepItI…,2016-10-08T04:55:52.000Z,2893468059,en,,
RT @Exxon_Knew: Stop saying #Tillerson is good on climate. He leads the oil company WORST on climate #ExxonKnew via @jacobwe https://t.co/P…,2016-12-27T22:49:32.000Z,388649111,en,,
RT @billmckibben: Perhaps planet's most eminent earth scientist demands @theAGU cut its ties with Exxon #exxonknew https://t.co/FwM2kMi3Wj,2016-08-12T02:45:25.000Z,921343537,en,,
RT @billmckibben: Young scientists ask whether AGU should be sponsored by Exxon in wake of #exxonknew scandal. Answer seems clear https://t…,2016-01-06T14:23:15.000Z,34349003,en,,
RT @350action: It's not just Exxon: most of Big Oil knew the dangers of climate change decades ago--and lied. #ExxonKnew https://t.co/p9ekk…,2016-01-06T01:38:18.000Z,2789016575,en,,
Asshole considers Exxon CEO for Secretary of State. Sign on to push back against the madness: https://t.co/Vl2sPxT3LT #ExxonKnew,2016-12-07T01:08:51.000Z,19461153,en,,
“There is no doubt” #ExxonKnew CO2 Pollution Was A Global #climatechange Threat By Late 70s https://t.co/99ZHvvMaez https://t.co/Er66uYdNX6,2016-04-28T16:15:42.000Z,5907272,en,,
"Tell @theAGU, the biggest org of Earth scientists, to stop taking Exxon's $. https://t.co/1oeE4fUivK #StandWithScientists #ExxonKnew",2016-09-08T13:18:45.000Z,2380785228,en,,
"RT @Sarah__Reynolds: Surprise, surprise -- Exxon has been spending big to obstruct climate policies: https://t.co/ZJeUffemYU #ExxonKnew htt…",2016-09-07T06:11:17.000Z,3906077714,en,,
RT @EnergyInDepth: .@drshow now discussing activists' tobacco argument with @insideclimate. Legal experts disagree https://t.co/pW48hKdQ0d…,2016-06-22T15:56:24.000Z,2521783891,en,,
"RT @EnergyInDepth: Last summer, @PeterFrumhoff began working with AGs on #ExxonKnew https://t.co/Fn3G4RVeOs https://t.co/4uT5i5ktJv",2016-08-06T11:11:29.000Z,2521783891,en,,
Ask attorneys general to investigate Exxon for hiding #climatechange science while funding denial. #ExxonKnew  https://t.co/e1aaYVw9TR,2016-03-31T02:05:47.000Z,24336417,en,,
Will Exxon CEO be new Secretary of State? Not on our watch. Sign on: https://t.co/VeXndelr8e #ExxonKnew,2016-12-07T13:13:31.000Z,85328932,en,,
#ExxonKnew about #climatechange. Tell @TheJusticeDept to investigate! @SierraRise https://t.co/xWmxgNNIRz,2016-10-04T00:26:00.000Z,4771410890,en,,
RT @DeSmogBlog: “There is no doubt”: #ExxonKnew CO2 Pollution Was A Global Threat By Late 1970s https://t.co/csD7ZgwXDU https://t.co/v3gHMV…,2016-05-06T15:11:30.000Z,15023095,en,,
"HUGE! SEC will investigate Exxon on climate change, accounting practices. https://t.co/njvlbNMkFg #ExxonKnew",2016-09-20T22:49:31.000Z,2924772582,en,,
RT @billmckibben: One of the regular intervals when you realize The Onion may be closer to the news than anyone else  #exxonknew https://t.…,2016-04-14T04:34:10.000Z,3431545099,en,,
the @FBI is investigating what #ExxonKnew about #climatechange. Tell @LorettaLynch to bring @exxonmobil to justice! https://t.co/kqYgjTq7vZ,2016-06-08T17:43:46.000Z,49731176,en,,
The latest Positive Reverie! https://t.co/GCgvDNlkz0 #exxonknew,2016-11-21T22:18:13.000Z,36755729,en,,
"RT @350: Texas, you can help call out Exxon's pollution, deception &amp; greed. Join May 25: https://t.co/F05FQ8xnGq #ExxonKnew https://t.co/xS…",2016-05-08T13:36:48.000Z,46899351,en,,
"RT @billmckibben: Great @guardian scoop: As soon as Bush took office, Exxon started trying to stifle climate talk in DC https://t.co/rMdzY9…",2016-05-25T15:57:43.000Z,2353192445,en,,
RT @Greenpeace: US state attorneys general just joined together to condemn climate fraud https://t.co/GIopuWELhg  #exxonknew https://t.co/J…,2016-03-30T06:59:52.000Z,330557992,en,,
RT @billmckibben: Wow! Pls share this superb essay from the heir of an Exxon founder on why he's selling his stock. #exxonknew https://t.co…,2016-03-17T05:47:26.000Z,4120259783,en,,
I stood with scientists and told @theAGU to stop accepting funding from @exxonmobil. Join me: https://t.co/DQFM80rNFA #exxonknew,2016-08-11T14:21:24.000Z,37486660,en,,
“There is no doubt”: #ExxonKnew CO2 Pollution Was A Global #climatechange Threat By Late 1970s  https://t.co/otmtWhhP58,2016-12-13T00:40:53.000Z,1611519468,en,,
"RT @greenpeaceusa: ""Our only choice is to defend our rights."" Read more: https://t.co/FphSfcaYdJ #ExxonKnew #EnergyLivesHere https://t.co/G…",2016-08-11T23:06:49.000Z,7.63E+17,en,,
RT @350: Here's what we've got to say to Exxon's demands to access all our internal emails: https://t.co/dikRiUpHwo #ExxonKnew https://t.co…,2016-12-10T00:38:27.000Z,1049560369,en,,
RT @billmckibben: Commuters on Seattle's Aurora Ave saw a pretty great sign today. #ExxonKnew https://t.co/AZMfhJMbgS,2016-02-25T02:40:01.000Z,42040362,en,,
"RT @ClimateReality: When a company lies to us, we hold it responsible — period. It’s time to hold Big Polluters responsible #ExxonKnew http…",2016-04-15T07:50:42.000Z,781964996,en,,
#GOP beholden to oil industry. Support lobbyists over public safety #ExxonKnew #climatechange https://t.co/XjNiohklTJ,2016-09-17T21:06:19.000Z,14986009,en,,
RT @350: Time for Exxon's day in court. Call on US State AGs to investigate just what #ExxonKnew: https://t.co/ge57bXmHMQ https://t.co/m5LR…,2016-02-23T17:52:07.000Z,17031634,en,,
This #BigBlockOfCheeseDay I want @GinaEPA @ErnestMoniz &amp; @WhiteHouseCEQ to open an #Exxonknew case w/ @LorettaLynch https://t.co/qSKrq5PQg6,2016-01-13T22:42:17.000Z,3325873029,en,,
"RT @Destroy_ALEC: Rex #Tillerson and #ExxonKnew Spent Big on Climate Change Denial while Misleading Public, Evidence Shows  https://t.co/5F…",2016-12-14T01:58:00.000Z,339736269,en,,
"RT @billmckibben: Great take by @Agent350 on today's #Exxonknew hearing: Our problem isn’t w/the science, our problem is w/the coverup http…",2016-09-15T06:49:29.000Z,219805494,en,,
RT @billmckibben: Wow! Pls share this superb essay from the heir of an Exxon founder on why he's selling his stock. #exxonknew https://t.co…,2016-03-17T09:08:44.000Z,3660044957,en,,
RT @UCSUSA: Worth repeating! https://t.co/itCMLuScyN #ExxonKnew,2016-09-14T16:22:23.000Z,471418851,en,,
RT @commondreams: Turning Point in #Climate Fight as AGs Unite to Target Exxon Crimes  https://t.co/WkBUwRwC9N #ExxonKnew @mayboeve @Agent3…,2016-03-29T17:59:56.000Z,3406405169,en,,
"RT @billmckibben: Great interview with @KertDavies, who's been on top of #exxonknew scandal longer than anyone on the planet https://t.co/3…",2016-01-27T20:00:39.000Z,1317540847,en,,
RT @EnergyInDepth: #ExxonKnew is dead. Here's what you need to know about the failed #climate crusade: https://t.co/AHjdDA37fh https://t.co…,2016-09-09T17:51:22.000Z,2521783891,en,,
"RT @350: ""The coral reef of Elliot Key, Florida is crime scene: #ExxonKnew &amp; seeded climate denial. Our dead reef is result"" https://t.co/n…",2016-09-22T16:54:36.000Z,623317495,en,,
"RT @EnviroAction: hey @exxonmobil #fraud isn't free speech, sez the dean of @YaleLawSch https://t.co/6elbTz0zeo #exxonknew https://t.co/Kgn…",2016-06-27T15:09:19.000Z,40990317,en,,
First #ExxonKnew lawsuit filed against specific company facility and could open floodgates for more https://t.co/acYt43xksr &lt; www.lividul.…,2016-09-29T23:34:15.000Z,41282191,en,,
RT @billmckibben: Wow! Pls share this superb essay from the heir of an Exxon founder on why he's selling his stock. #exxonknew https://t.co…,2016-03-18T15:01:35.000Z,27307180,en,,
"great chatting with @chabriaa on @KamalaHarris, #exxonknew, and @ClimateHawkVote!",2016-01-20T21:53:02.000Z,125184430,en,,
"RT @billmckibben: Wow. Houston Chronicle business columnist demands #exxonknew investigation, chews out TX AG for getting in the way https:…",2016-05-23T23:13:53.000Z,885173964,en,,
RT @diazbriseno: Unusual scene at Ritz Carlton in DC: Activists ask @NatlAssnAttysGn to investigate Exxon 4 climate change #ExxonKnew https…,2016-02-23T17:48:04.000Z,2511593226,en,,
"RT @benhulac: Alabama &amp; Texas attorneys general jump into climate investigation, defending @exxonmobil: (paywall) https://t.co/9XnzZgrS7b #…",2016-05-17T16:36:59.000Z,30927826,en,,
"Tell @KamalaHarris to launch an investigation into @exxonmobil #climatecoverup #ExxonKnew #CAllingOnKamala, https://t.co/DEQ3hLrHE8",2016-01-05T21:50:43.000Z,1627810032,en,,
"#ExxonKnew, it's time for @POTUS to end #climatedenial and end #fracking on our #publiclands, #KeepitintheGround https://t.co/R7SXlA3GzE",2016-06-10T18:20:52.000Z,45674860,en,,
"RT @AssaadRazzouk: As #Climate Deception Investigations Gain Momentum, #ExxonKnew Plays the Victim

https://t.co/VjRzb3CViV #nonsense https…",2016-05-07T08:06:40.000Z,177458594,en,,
RT @Agent350: Amazing! @SenWarren and @SenWhitehouse lay the smack down on Exxon and Rep. Smith's crazy subpoenas: https://t.co/Sp96x3ts5O…,2016-08-10T15:25:10.000Z,95052610,en,,
#ExxonKnew about #climate and lied. Send a message of thanks to Attorneys General investigating: https://t.co/zIyFrMSvTq via @priceofoil,2016-05-26T03:47:10.000Z,1189999256,en,,
RT @Tru_Nrth: Exactly. #ExxonKnew they were directly contributing to #climatechange in the '70s. Gaslit public for decades. https://t.co/V5…,2016-12-19T23:32:12.000Z,3241707920,en,,
"Tell @theAGU, the biggest org of Earth scientists, to stop taking Exxon's $. https://t.co/Q32thCMvuL #StandWithScientists #ExxonKnew",2016-09-08T14:48:59.000Z,2237838566,en,,
Proud of my home state and @MassAGO for joining the #ExxonKnew investigation. We couldn’t leave the whole thing to Yankees fans…,2016-03-30T16:00:54.000Z,14588121,en,,
Exxon's greed is destroying the Great Barrier Reef #ExxonKnew https://t.co/3T834IaXMw,2016-08-18T11:43:22.000Z,218532517,en,,
Tell @LamarSmithTX21: #ExxonKnew and we won't back down. https://t.co/CyuZ4jm7fj,2016-07-13T14:50:01.000Z,407950840,en,,
Help @EnviroAction and @350 demand all Attorneys General indict @exxonobil for climate cover-up. #ExxonKnew https://t.co/Z3Z4sI8TEy,2016-02-21T22:34:08.000Z,85328932,en,,
Exxon's greed is destroying the Great Barrier Reef #ExxonKnew https://t.co/cmFKQhJzf7,2016-08-18T19:29:15.000Z,1888198116,en,,
Sign here to tell @jiminhofe &amp; his @EPWMaj to hold #HearingsNotSnowballs on what #ExxonKnew vs told #Congress https://t.co/DUNXOWyiO9,2016-01-27T23:38:41.000Z,7401702,en,,
RT @nancykric: Exxon lied about an existential threat to humanity for 30+ yrs. Why? Call for an investigation: https://t.co/Rh4ToRPexo #Exx…,2016-03-08T17:21:43.000Z,399717261,en,,
RT @greenpeaceusa: #ExxonKnew about climate change as far back as the 1970s — now its CEO could be Trump's Sec. of State. https://t.co/E4mt…,2016-12-10T23:02:24.000Z,338938900,en,,
"Exxon Has No Free Speech Rights to Commit Fraud, say #Climate Groups
 - https://t.co/049nFIEiCP
#ExxonKnew",2016-06-18T05:41:01.000Z,97740430,en,,
"RT @350: READ: Why a key Exxon-family heir divested all his stock: https://t.co/Vnxuvstm13

*Spoiler* -- 'cause #ExxonKnew. https://t.co/jT…",2016-03-18T14:20:05.000Z,16403723,en,,
Tell @LamarSmithTX21 and @exxonmobil you stand with #ExxonKnew crew fighting for #climate justice https://t.co/Tbdru86D3I,2016-07-24T17:33:47.000Z,381759197,en,,
Help @EnviroAction and @350 demand all Attorneys General indict @exxonobil for climate cover-up. #ExxonKnew https://t.co/Muqhjpxdmv,2016-03-01T18:26:43.000Z,605386346,en,,
"RT @PolluterWatch: .@ExxonMobil, you OK w your group mocking #WebOfDenial as @AGSchneiderman investigates #ExxonKnew? #TimeToCallOut https:…",2016-07-12T22:00:15.000Z,220036735,en,,
RT @350: We have a plan to shut down Trump's Climate Denier Cabinet. Circle January 3rd and 9th. https://t.co/yEUNtZe88s #ExxonKnew,2016-12-15T22:22:44.000Z,336828167,en,,
"Exxon is playing Big Tobacco's denial game, it's time for it to end. Tell Exxon to leave ALEC: https://t.co/yXkBY6OU6V #ExxonKnew",2016-05-23T19:01:03.000Z,7.25E+17,en,,
RT @ClimateReality: Big Tobacco said cigarettes aren’t bad for people. Big Oil says fossil fuels aren’t bad for the planet #ExxonKnew https…,2016-04-18T18:30:57.000Z,399655898,en,,
RT @ClimateTruthOrg: Disgusted by Exxon-funded GOP reps on @HouseScience? Sign on &amp; stand with Senators fighting #WebOfDenial. #ExxonKnew h…,2016-07-13T23:09:52.000Z,2186554418,en,,
RT @mayboeve: .@exxonmobil knew about climate change and misled us. Imagine if they had acted upon that information. #ExxonKnew https://t.c…,2016-09-14T14:10:29.000Z,3107324712,en,,
"RT @Exxon_Knew: @JeffFlake Rice, Baker, and Gates all have gotten paid by @exxonmobil. No surprises here. #ExxonKnew https://t.co/lSwhKRvk6n",2016-12-14T00:50:49.000Z,392758490,en,,
"NEW | Law Firms Tell #FossilFuel Companies They Could Be Next in ""#ExxonKnew"" Probe https://t.co/AxxCgnBWTq via @DeSmogBlog @SteveAHorn",2016-05-15T18:00:32.000Z,2620095853,en,,
"RT @collinrees: @exxonmobil And to suggest a correction to your statement, 16 AGs joined @AGSchneiderman in today's announcement, not ""a fe…",2016-03-30T21:11:00.000Z,7203992,en,,
I stood with scientists and told @theAGU to stop accepting funding from @exxonmobil. Join me: https://t.co/eFIPlQeOjt- #exxonknew,2016-08-11T14:35:03.000Z,2543923076,en,,
RT @RTBayArea: ExxonMobil tried to censor climate scientists to Congress during Bush era https://t.co/I1paNfG1fx #exxonknew https://t.co/uh…,2016-05-26T06:58:45.000Z,2316065196,en,,
RT @billmckibben: Whoa--Apparently the SEC has joined the #exxonknew investigation. Getting a little warm....https://t.co/VbFgiblN1j,2016-09-20T17:58:58.000Z,1507008385,en,,
#ExxonKnew about #climatechange almost 40 years ago! Now they're accusing the Rockefellers of a #climate conspiracy: https://t.co/PCPDpXQgby,2016-11-22T15:17:08.000Z,19539716,en,,
"RT @MarkRuffalo: Why does Putin want Trump Pres? $500 billion opportunity for Exxon, Russia in Trump cabinet pick | MSNBC #ExxonKnew  https…",2016-12-11T02:50:15.000Z,25578406,en,,
RT @billmckibben: Commuters on Seattle's Aurora Ave saw a pretty great sign today. #ExxonKnew https://t.co/AZMfhJMbgS,2016-02-25T02:42:40.000Z,18089901,en,,
HUGE! I can't wait for this shady oil giant to get their comeuppance. Kudos again @insideclimate for exposing this scandal. #ExxonKnew https://t.co/S1CHQd11K5,2016-09-20T19:01:24.000Z,384986062,en,,
RT @MarkRuffalo: CO2's Role in Global Warming Has Been on the Oil Industry's Radar Since the 1960s | InsideClimate News...#ExxonKnew  https…,2016-04-14T06:47:23.000Z,2894433347,en,,
"#Congress and the #13Reps  paid 70,000+ in contributions from #ExxonKnew 
#Fo$$ilFuels #climatechange #Accountable https://t.co/J3fB7c8oPa",2016-07-14T23:02:02.000Z,267234551,en,,
"RT @RichardAngwin: #Trump candidate for Secretary of State, ExxonMobil CEO Rex Tillerson, wants #fracking everywhere except in his yard.

#…",2016-12-08T01:59:16.000Z,159644446,en,,
RT @GeoffreySupran: BREAKING &amp; AWFUL: @theAGU doubles-down on taking Exxon $. No explanation whatsoever. #ExxonKnew https://t.co/wt2KKCcxUd…,2016-09-23T18:29:13.000Z,16487286,en,,
"New York, Massachusetts AGs reject GOP’s #climate subpoena on #ExxonKnew https://t.co/FwEvKt8JjC via @thehill https://t.co/aforHvetLD",2016-07-27T15:26:05.000Z,456864723,en,,
RT @foe_us: 21 youth take US gov to court for failing to protect rights from #climatechange https://t.co/ewUJSuMi3Z #ExxonKnew https://t.co…,2016-09-15T01:26:48.000Z,134601375,en,,
RT @nimali_brux: #ExxonKnew no longer just a US issue; #Esso in the EU knew too https://t.co/4YhJbzls52 https://t.co/JwgtYt2emb,2016-04-28T08:32:08.000Z,1255036572,en,,
RT @RenewOregon: New uncovered documents show #ExxonKnew much earlier than previously reported #climate https://t.co/DhhVtG1ymB https://t.c…,2016-04-28T09:13:42.000Z,44104413,en,,
Trump considers Exxon CEO for Secretary of State. Sign on to push back against the madness: https://t.co/rIw235qfNc #ExxonKnew,2016-12-07T00:21:30.000Z,3404390074,en,,
"RT @ClimateNexus: New York, Massachusetts AGs reject GOP’s #climate subpoena on #ExxonKnew https://t.co/FwEvKt8JjC via @thehill https://t.c…",2016-07-27T15:46:47.000Z,194716830,en,,
"@AbbieDillen And, once they get the idea, maybe mainstream will join @insideclimate on such major stories as #ExxonKnew. @HillaryClinton",2016-10-20T17:33:37.000Z,3194124158,en,,
"AG’s striking back at #ExxonKnew and #RICO20 say – “we can come after climate alarmists for fraud, too” https://t.co/2lihWisHum #tcot #gop",2016-06-18T02:51:07.000Z,10198072,en,,
RT @greenpeaceusa: #ExxonKnew about climate change as far back as the 1970s — now its CEO could be Trump's Sec. of State. https://t.co/E4mt…,2016-12-11T04:28:54.000Z,31480713,en,,
"Trumps Climate Change Adaptation Wall, Congress People Try To Stop #ExxonKnew… (Climate News Roundup) https://t.co/OesRRKq1Z8",2016-05-29T12:46:25.000Z,4926546809,en,,
"RT @350: Surprise, surprise -- Exxon has been spending big to obstruct climate policies: https://t.co/RBR2007LWj #ExxonKnew https://t.co/MC…",2016-04-08T06:08:02.000Z,20221367,en,,
RT #ExxonKnew https://t.co/DxqViopjlA,2016-08-18T16:38:55.000Z,281280253,und,,
"RT @350: ""Climate change is a magnifier of inequality"" This is why we must act and hold those who hid the truth accountable. #ExxonKnew",2016-06-23T11:33:39.000Z,223479834,en,,
RT @MikeHudema: Human rights #climatechange investigation could soon call major O&amp;G players 2 testify. #ActOnClimate #riseabove #exxonknew…,2016-12-09T07:02:56.000Z,3574366695,en,,
RT @insideclimate: #Climate Fraud Investigation of Exxon Draws Attention of 18 Attorneys General https://t.co/X5w2OhA0vJ #ExxonKnew @DavidH…,2016-03-30T09:46:08.000Z,16487286,en,,
"RT @MarkRuffalo: Methane or ""natural gas"" is 70x more damaging a greenhouse gas than CO2. You guys aren't helping. #ExxonKnew @SuzanneMcCar…",2016-05-27T16:13:48.000Z,2921926779,en,,
RT @billmckibben: NY's stand-up AG @AGSchneiderman calls out the dark money that's trying to circle Exxon's wagons https://t.co/B2LFQ30r0E…,2016-10-21T21:38:56.000Z,7.67E+17,en,,
"RT @350action: Massachusetts goes for @HillaryClinton, whom the climate movement has pushed to call for an #ExxonKnew investigation https:/…",2016-03-02T16:22:48.000Z,14517437,en,,
RT @350: There's dark money behind the attack on New York's investigation into #ExxonKnew. https://t.co/RFZL1EzgR3 https://t.co/7C55ZoXUwL,2016-10-22T03:58:22.000Z,259717648,en,,
"RT @BiologistDan: As if it were any harder to hate #Exxon. Make the bastards pay. #Exxonknew. They knew, and the did it anywayshttps://t.c…",2016-05-31T01:09:45.000Z,2535602895,en,,
RT @Exxon_Knew: Stop saying #Tillerson is good on climate. He leads the oil company WORST on climate #ExxonKnew via @jacobwe https://t.co/P…,2016-12-29T13:12:17.000Z,1241861221,en,,
RT @ClimateReality: Big Oil took its playbook from Big Tobacco. It’s time to hold companies that mislead us accountable #ExxonKnew https://…,2016-05-18T11:32:03.000Z,21548420,en,,
#ExxonKnew https://t.co/yp21aOHd7D,2016-09-02T10:21:31.000Z,29659855,qme,,
"RT @StopCorpAbuse: Thank you, @SenWhitehouse for speaking out at the #ExxonKnew action today in front of the Capitol building! https://t.co…",2016-09-14T15:04:34.000Z,4883577063,en,,
"RT @Greenpeace: Scientists demand @theAGU drop @exxonmobil sponsorship. We do too
https://t.co/n8GmlwCUGg
#ExxonKnew #climatechange https:/…",2016-02-24T16:10:57.000Z,15326206,en,,
"RT @MarkRuffalo: Why does Putin want Trump Pres? $500 billion opportunity for Exxon, Russia in Trump cabinet pick | MSNBC #ExxonKnew  https…",2016-12-10T23:31:44.000Z,136268926,en,,
RT @Exxon_Knew: Stop saying #Tillerson is good on climate. He leads the oil company WORST on climate #ExxonKnew via @jacobwe https://t.co/P…,2016-12-23T21:30:58.000Z,241604859,en,,
".@SenMarkey reviewing #ExxonKnew evidence in his #WebOfDenial speech, including @insideclimate investigation",2016-07-12T23:27:21.000Z,23864650,en,,
RT @350: Exxon's shareholders file lawsuit against the company for not disclosing climate risks. Even they're mad #ExxonKnew https://t.co/L…,2016-12-03T14:24:47.000Z,313523444,en,,
"RT @greenpeaceusa: ""Our only choice is to defend our rights."" Read more: https://t.co/FphSfcaYdJ #ExxonKnew #EnergyLivesHere https://t.co/G…",2016-08-11T21:39:46.000Z,4260192231,en,,
"RT @MarkRuffalo: Why does Putin want Trump Pres? $500 billion opportunity for Exxon, Russia in Trump cabinet pick | MSNBC #ExxonKnew  https…",2016-12-13T14:19:09.000Z,20428658,en,,
Tell @SpeakerRyan: Stop @HouseScience attack on @ExxonMobil critics: https://t.co/kqUe0WiLXM #ExxonKnew,2016-05-29T14:32:52.000Z,138233823,en,,
"RT @350: Surprise, surprise -- Exxon has been spending big to obstruct climate policies: https://t.co/RBR2007LWj #ExxonKnew https://t.co/MC…",2016-04-08T00:12:02.000Z,242492168,en,,
RT @EnergyInDepth: .@WestVirginiaAG 'disappointed' in probes of @exxonmobil https://t.co/oqJ1L0gtrC via @DCExaminer #ExxonKnew,2016-04-08T17:07:14.000Z,2521783891,en,,
RT @climatekeith: Is Canada's @ImperialOil next? Original subpoena from NY AG finally surfaces in #ExxonKnew fraud case https://t.co/HS0yMU…,2016-10-25T15:52:14.000Z,381127623,en,,
RT @350: We can hold fossil fuel companies like Exxon accountable. #ExxonKnew https://t.co/3S3EwoP70b,2016-07-13T00:39:35.000Z,7.27E+17,en,,
"RT @billmckibben: As New Year dawns, enormous # of Americans demand investigation of Exxon. 2015 was the year we found out #exxonknew https…",2016-01-05T07:32:22.000Z,270437243,en,,
Help @EnviroAction and @350 demand all Attorneys General indict @exxonobil for climate cover-up. #ExxonKnew https://t.co/7rcxqSPcuH,2016-02-21T23:44:20.000Z,395185595,en,,
"RT @RichardAngwin: #Trump candidate for Secretary of State, ExxonMobil CEO Rex Tillerson, wants #fracking everywhere except in his yard.

#…",2016-12-07T17:09:31.000Z,575068027,en,,
RT @billmckibben: Whoa--Apparently the SEC has joined the #exxonknew investigation. Getting a little warm....https://t.co/VbFgiblN1j,2016-09-20T18:01:52.000Z,7.15E+17,en,,
"RT @MarkRuffalo: Why does Putin want Trump Pres? $500 billion opportunity for Exxon, Russia in Trump cabinet pick | MSNBC #ExxonKnew  https…",2016-12-11T07:56:05.000Z,7.05E+17,en,,
"RT @350: The Great Barrier Reef is a crime scene, and Exxon is holding a smoking gun. https://t.co/UeYy5C6Cec #ExxonKnew",2016-10-14T17:46:14.000Z,50015748,en,,
"This tweet only highlights the $2 million you and Myron took from Exxon. Not helping his case, team! #ExxonKnew https://t.co/FJ5wvWPjsE",2016-11-18T23:01:26.000Z,14588121,en,,
"RT @billmckibben: As New Year dawns, enormous # of Americans demand investigation of Exxon. 2015 was the year we found out #exxonknew https…",2016-01-01T14:46:19.000Z,272913143,en,,
Nobody ever said that. Y’all repeat it to yourselves. Companies lying isn’t 1st amendment. #ExxonKnew #ALECIndy https://t.co/g4cGGSJoa4,2016-07-28T17:14:57.000Z,2657833483,en,,
"Tell @theAGU, the biggest org of Earth scientists, to stop taking Exxon's $. https://t.co/SrFei0b1IP #StandWithScientists #ExxonKnew",2016-12-05T15:05:09.000Z,4857414092,en,,
#exxonknew https://t.co/UwKmeSGrVV,2016-08-21T15:05:44.000Z,29839622,qme,-108.2831009,36.705314
RT @Greenpeace: Did @exxonmobil lie to its investors about #climatechange? https://t.co/8iA3f8cIjm  #Exxonknew https://t.co/hGOn7v5djr,2016-02-09T14:31:41.000Z,132964988,en,,
"RT @Exxon_Knew: ""ExxonMobil has a long history of peddling misinformation on climate change."" @elizkolbert in @NewYorker #ExxonKnew https:/…",2016-12-15T19:52:40.000Z,617623783,en,,
RT @Tru_Nrth: Exactly. #ExxonKnew they were directly contributing to #climatechange in the '70s. Gaslit public for decades. https://t.co/V5…,2016-12-16T10:21:55.000Z,57871450,en,,
"RT @Exxon_Knew: ""ExxonMobil has a long history of peddling misinformation on climate change."" @elizkolbert in @NewYorker #ExxonKnew https:/…",2016-12-20T21:00:44.000Z,1961067397,en,,
RT @JunkScience: FAIL: @350 can't attract protesters for #ExxonKnew rally at Nat'l Assoc of State AGs -- even w/free ice cream. https://t.c…,2016-06-21T20:58:53.000Z,785541367,en,,
"The corporation is a person and she is a sociopathic, short-sighted bitch | https://t.co/HoCtqZGXHa #climatejustice @350 #exxonknew",2016-04-13T19:12:13.000Z,22075147,en,,
RT @GammaTrader17: “There is no doubt”: #ExxonKnew CO2 Pollution Was A Global #climatechange Threat By Late 1970s  https://t.co/u7DLi2Pois,2016-06-11T10:20:47.000Z,601827585,en,,
Urgent: #StandWithScientists &amp; call on @theAGU to drop Exxon sponsorship at next week's board meeting. https://t.co/lbmDnHqcJs #ExxonKnew,2016-09-08T03:18:58.000Z,4292696056,en,,
.@KamalaHarris: Climate change-fueled fires are hurting Californians. Please keep your word and investigate #ExxonKnew!,2016-07-30T22:27:43.000Z,21690351,en,,
"RT @Exxon_Knew: ""ExxonMobil has a long history of peddling misinformation on climate change."" @elizkolbert in @NewYorker #ExxonKnew https:/…",2016-12-15T22:09:26.000Z,25393191,en,,
the @FBI is investigating what #ExxonKnew about #climatechange. Tell @LorettaLynch to bring @exxonmobil to justice! https://t.co/3LGz2KkvGE,2016-03-12T22:37:47.000Z,2957908521,en,,
#ExxonKnew https://t.co/M5EhBGk5Tn,2016-09-29T19:46:15.000Z,192842634,qme,,
"RT @greenpeaceusa: THANK YOU CA, CT, DC, IL, IA, ME, MA, MD, MN, NM, NY, OR, RI, VA, VT, WA &amp; USVI AGs! #ExxonKnew https://t.co/5lemmBiRiL",2016-06-23T20:52:39.000Z,2992650852,en,,
RT @ClimateConnor: #Climate denial ad in @NYTimes by @CEIdotorg: Signatories took $10 Million from @ExxonMobil https://t.co/TZHUfSY1Ua #Exx…,2016-05-20T01:03:14.000Z,285136360,en,,
Will Exxon CEO be new Secretary of State? Not on our watch. Sign on: https://t.co/CHhPEJUa6x #ExxonKnew,2016-12-07T03:10:55.000Z,1143243140,en,,
RT @greenpeaceusa: #ExxonKnew about climate change as far back as the 1970s — now its CEO could be Trump's Sec. of State. https://t.co/E4mt…,2016-12-12T04:23:52.000Z,423672764,en,,
RT @350action: #TrusTed to lie about climate science in exchange for money from the fossil fuel industry #exxonknew #fitn https://t.co/XAML…,2016-02-06T17:29:18.000Z,28044313,en,,
RT @MikeHudema: Fire at #Exxon's oil refinery yesterday. Fossil fuel infrastructure is not safe. https://t.co/Kfx6fDYhrK #exxonknew https:/…,2016-04-09T15:22:13.000Z,4880020847,en,,
RT @greenpeaceusa: Climate denial is so 90s! @LamarSmithTX21 still using old Exxon talking points: https://t.co/62StRifYQb #ExxonKnew https…,2016-08-18T18:52:07.000Z,973204208,en,,
RT @ClimateTruthOrg: Three cheers for AGs of NY &amp; MA for refusing to comply with unconstitutional demands of @HouseScience  on #ExxonKnew h…,2016-08-03T06:55:59.000Z,108157004,en,,
"RT @Exxon_Knew: #ExxonKnew subpoenas ""trample on the 1st Amendment,"" - @SenWarren &amp; @SenWhitehouse https://t.co/nYScVH1oz1 https://t.co/kIv…",2016-08-14T18:01:57.000Z,15965877,en,,
RT @Exxon_Knew: .@CLF filed suit against Exxon for polluting Boston's Mystic River &amp; failing to prep for impacts of #climatechange. #ExxonK…,2016-10-05T00:52:36.000Z,23737735,en,,
"Maura Healey, @MassAGO, is an AG fighting against @LamarSmithTX21's unconstitutional harassment of #ExxonKnew case! https://t.co/WLk4lCeu0c",2016-08-09T23:30:00.000Z,465158654,en,,
.@theAGU Board meets next week. #StandWithScientists &amp; tell them to stop accepting Exxon's money: https://t.co/4y7Anz5CHg  #ExxonKnew,2016-09-07T18:26:37.000Z,7.58E+17,en,,
"Special for @350 supporters, a message of hope (and puppies) from @billmckibben. #climate #action #exxonknew https://t.co/hKHRpC2EwI",2016-12-29T20:35:36.000Z,51048028,en,,
"If you know you're poisoning all of life's systems, &amp; keep doing it...isn't that a crime? #ExxonKnew #reparations https://t.co/g1cUPm4KQ3",2016-02-24T23:04:34.000Z,1475784884,en,,
RT @billmckibben: NJ State Sen asks AG to join #exxonknew investigation https://t.co/SbK0wlHbnw,2016-03-24T16:18:29.000Z,1117043418,en,,
"RT @MarkRuffalo: Why does Putin want Trump Pres? $500 billion opportunity for Exxon, Russia in Trump cabinet pick | MSNBC #ExxonKnew  https…",2016-12-11T00:23:47.000Z,1276471063,en,,
Tell Republican attorneys general to stop interfering with climate fraud investigations: https://t.co/kfXzeQT8CC #exxonknew,2016-06-22T03:19:27.000Z,264599514,en,,
RT @Waterkeeper: #ExxonKnew about climate change for decades and lied to the public. So why are they profiting off tax dollars? https://t.c…,2016-12-16T16:19:33.000Z,216425548,en,,
RT @ouliemata: Frack him! #fracking #ExxonKnew https://t.co/Z37GttiFam https://t.co/c8PwmJoIX9,2016-09-17T22:21:13.000Z,501397421,en,,
"RT @infpwriter: ""Exxon was on the cutting edge of climate science 40 years ago."" | Disobedience: #ExxonKnew https://t.co/IxgIDsEilN",2016-06-29T18:40:07.000Z,242438723,en,,
RT @ClimateTruthOrg: New report: @exxonmobil spends about $27 mil/year to obstruct #climatechange action. #ExxonKnew @eroston https://t.co/…,2016-04-08T12:55:05.000Z,2516013102,en,,
"RT @MarkRuffalo: Why does Putin want Trump Pres? $500 billion opportunity for Exxon, Russia in Trump cabinet pick | MSNBC #ExxonKnew  https…",2016-12-13T14:30:19.000Z,7.98E+17,en,,
Rex Tillerson named as Donald Trump's secretary of state. Expect climate hell unless this madness stops. #ExxonKnew  https://t.co/oUzVExYO9H,2016-12-13T11:37:25.000Z,49583055,en,,
"RT @350action: We're starting to live the consequences of climate change, thanks to Exxon's deception and fraud. #ExxonKnew
https://t.co/sA…",2016-09-13T06:02:50.000Z,16164634,en,,
"RT @NaveenaSivam: Former DOJ tobacco prosecutor says Exxon's conduct ""is a violation of a federal statute - RICO ... You know, like gangste…",2016-09-14T23:08:49.000Z,370373965,en,,
RT @ClimateReality: Big Tobacco said cigarettes aren’t bad for people. Big Oil says fossil fuels aren’t bad for the planet #ExxonKnew https…,2016-04-09T00:59:56.000Z,2315874241,en,,
"With #ExxonKnew, the GOP is attacking the first amendment rights of citizens to protect the fraudulent activities of corporations.",2016-07-13T17:58:42.000Z,14588121,en,,
RT @simonrlomax: Colorado activist group led the lobbying effort for so-called #climate investigations: https://t.co/DaqJQWzadA #copolitics…,2016-04-15T21:44:08.000Z,18684946,en,,
"RT @350: Exxon spends $27 million/year to block climate action. Meanwhile, #ExxonKnew. New report: https://t.co/B5aP47kUxP https://t.co/W10…",2016-04-07T17:29:14.000Z,3240535117,en,,
"""Congress should be going after the polluters, not the people,"" says @350. #ExxonKnew  https://t.co/AvzbvpmIHR",2016-07-27T21:48:48.000Z,7.15E+17,en,,
#climatechange IS REAL #ExxonKnew #SaudisKnow #MakeThemPay @Firedoglake @EcoWatch @greenpeaceusa @SciencePorn @NASA @dailykos @guardianeco https://t.co/6U1GsOJMV9,2016-12-15T21:49:48.000Z,408981744,en,,
"RT @MarkRuffalo: Methane or ""natural gas"" is 70x more damaging a greenhouse gas than CO2. You guys aren't helping. #ExxonKnew @SuzanneMcCar…",2016-05-27T17:58:27.000Z,30321661,en,,
"RT @350: Surprise, surprise: Exxon voted down all climate resolutions at their AGM (an infallible trend since 1990).

Time to #divest. #Exx…",2016-05-25T17:44:33.000Z,4032990322,en,,
"#ExxonKnew, but it's trying to bury climate documents by claiming First Amendment rights https://t.co/B9szPCdWku https://t.co/DSTwr6lEDO",2016-05-08T04:44:00.000Z,16958346,en,,
RT @AntoniaJuhasz: Another key Exxon-family heir divests stock citing #ExxonKnew &amp; obligations to future generations. https://t.co/VJ3FIIii…,2016-03-16T17:08:28.000Z,4698522806,en,,
"RT @collinrees: News blows up if Trump flip-flops a position. Meanwhile, Exxon lied for decades &amp; blocks #climate action. #ExxonKnew https:…",2016-04-22T21:50:42.000Z,2651714172,en,,
RT @PriceofOil: #ExxonKnew about #climate change for DECADES &amp; lied to pollute more. Hold them accountable: https://t.co/muyWVKdh7g https:/…,2016-05-25T15:05:36.000Z,15923496,en,,
"#ExxonKnew about the danger of #globalwarming back in 1977 but suppressed evidence from its own scientists-#Exxon
https://t.co/gcgDMQMlJC",2016-05-27T15:00:21.000Z,40717489,en,-73.962582,40.541722
"RT @MarkRuffalo: Why does Putin want Trump Pres? $500 billion opportunity for Exxon, Russia in Trump cabinet pick | MSNBC #ExxonKnew  https…",2016-12-11T06:13:28.000Z,531381788,en,,
RT @100isNow: He's CEO of a company that lied about climate change. Now he'll be Secretary of State. Meet Rex Tillerson https://t.co/rY88TL…,2016-12-14T04:06:22.000Z,4448001262,en,,
RT @billmckibben: Is Exxon yelling 'special effects' in a crowded inferno? @AGSchneiderman's noble fight to uncover #exxonknew scandal http…,2016-06-22T15:49:32.000Z,4069257875,en,,
RT @mikedesouza: U.S. Interior Secretary just ripped into corporate climate doubters https://t.co/su6Lf8QBrr via @NatObserver #ExxonKnew #c…,2016-04-28T22:22:01.000Z,946869116,en,,
Granddaughter of @Exxon scientist confronts CEO over #climate lies. #ExxonKnew #actonclimate https://t.co/vrlv7UNvrg https://t.co/CFQkQzTo7l,2016-06-14T21:00:10.000Z,2515329230,en,,
RT @Greenpeace: US state attorneys general just joined together to condemn climate fraud https://t.co/GIopuWELhg  #exxonknew https://t.co/J…,2016-03-30T11:11:23.000Z,45291573,en,,
RT @BrettFleishman: @RachelMaddow on the massive Exxon deal with Russia. If Tillerson is Sec of State he'd profit wildly #ExxonKnew https:/…,2016-12-09T07:12:36.000Z,3258318650,en,,
"RT @MarkRuffalo: Sure, lying about Climate Change for decades may be seen as pragmatic, but for who? #ExxonKnew about and pragmatically cov…",2016-12-14T14:45:32.000Z,608171733,en,,
"Tell @theAGU, the biggest org of Earth scientists, to stop taking Exxon's $. https://t.co/w5hkog6iwa #StandWithScientists #ExxonKnew",2016-09-08T06:25:09.000Z,53066376,en,,
"RT @SenSanders: Congress must hold corporations accountable, not give them cover to lie to the American people. #ExxonKnew",2016-05-26T22:33:05.000Z,41468232,en,,
"RT @MarkRuffalo: Why does Putin want Trump Pres? $500 billion opportunity for Exxon, Russia in Trump cabinet pick | MSNBC #ExxonKnew  https…",2016-12-11T04:17:46.000Z,5471172,en,,
"RT @WarrenIna: #ExxonKnew Now our kids' climate/future=compromised. Was it worth ur billions to trash civilization, Rex Tillerson? https://…",2016-03-29T20:25:06.000Z,554749709,en,,
"RT @350action: First New York state, now California is investigating #ExxonKnew scandal. We're building momentum. https://t.co/BKhSjVOBl0",2016-01-21T18:42:27.000Z,4339623077,en,,
RT @Greenpeace: Rockefeller divests from 'morally reprehensible' Exxon https://t.co/5Rex3734B0 #ExxonKnew https://t.co/o8C3hXzWO6,2016-03-24T10:47:11.000Z,488094252,en,,
"RT @UCSEnergy: #ExxonKnew about the dangers of #climatechange, but tried to stop the EPA from making it official https://t.co/RtS9M3E7xx",2016-04-19T20:46:20.000Z,127920333,en,,
"Déjà vu
As with tobacco, the climate wars are going to court
https://t.co/UpK4TGxiqe
#ExxonKnew https://t.co/ovffIKro5J",2016-07-18T18:32:04.000Z,482133423,fr,,
RT @insideclimate: We've launched a new series  on how the oil industry dealt w/emerging climate science. Don't miss Part I! https://t.co/b…,2016-04-17T01:20:54.000Z,184992184,en,,
"The world's coral reefs didn't just die, they were killed #ExxonKnew https://t.co/gjXS5UD7oS",2016-08-18T13:06:19.000Z,125956480,en,,
"RT @350: Wow, this is bad news for Big Oil: the US Justice Dept. just referred their #ExxonKnew case to the FBI. https://t.co/mgq6URScX8",2016-03-03T20:58:49.000Z,406665273,en,,
RT @sierraclub: #ExxonKnew About #Climate Change And ExxonKnows How To Use #Trade Deals To Get Its Way https://t.co/cOzceE9wqd (via @ilana_…,2016-06-03T20:29:37.000Z,164029981,en,,
RT @ClimateTruthOrg: Disgusted by Exxon-funded GOP reps on @HouseScience? Sign on &amp; stand with Senators fighting #WebOfDenial. #ExxonKnew h…,2016-07-13T23:09:52.000Z,2186554418,en,,
FBI could investigate Exxon Mobil for #climatechange cover up https://t.co/dvv2oCPCX6 #exxonknew @MarkRuffalo @jlpratt4,2016-03-04T15:15:43.000Z,2493140798,en,,
RT @climatehawk1: #Climate warnings being masked by propaganda https://t.co/4icIh0XmDZ #globalwarming #ActOnClimate #divest #ExxonKnew http…,2016-10-01T20:58:28.000Z,137102683,en,,
"RT @Agent350: ""Today's hearing is Exhibit A in the case study of Big Oil's stranglehold on Congress,"" @mayboeve #ExxonKnew https://t.co/Oxj…",2016-09-14T14:42:25.000Z,25872023,en,,
It must be mildly worrisome to have 18 attorneys general on your tail #exxonknew https://t.co/jsBdP5X6dq,2016-03-30T16:11:35.000Z,21786618,en,,
RT @enjohnston: How the system responds to peaceful protest...but not to those who break the world.#BreakFreePNW #ExxonKnew #ShellNo https:…,2016-05-18T06:57:53.000Z,54154838,en,,
RT @Greenpeace: Scale of climate damages ‘could dwarf tobacco lawsuits’ #exxonknew https://t.co/SLfwZCZHGs https://t.co/lB5wC4rV1F,2016-06-28T06:39:46.000Z,385877452,en,,
https://t.co/4DBJBFEw8r negates @ExxonMobil's $80/ton C-fee hype @EnergyInDepth @NYPost #BreakFree2016 #ExxonKnew #fraud @FBI #FBI_Exxon #p2,2016-07-04T15:12:24.000Z,16273731,en,,
"RT @Exxon_Knew: ""ExxonMobil has a long history of peddling misinformation on climate change."" @elizkolbert in @NewYorker #ExxonKnew https:/…",2016-12-19T17:39:39.000Z,49520073,en,,
RT @MarkRuffalo: Oil industry knew of 'serious' climate concerns more than 45 years ago | Business | The Guardian #ExxonKnew and lied https…,2016-04-15T01:24:40.000Z,4363136836,en,,
"RT @Agent350: HUGE! In his state of the state, @GovPeterShumlin calls on Vermont to #divest from coal and @exxonmobil for their climate lie…",2016-01-07T19:51:39.000Z,19998849,en,,
"RT @MarkRuffalo: Why does Putin want Trump Pres? $500 billion opportunity for Exxon, Russia in Trump cabinet pick | MSNBC #ExxonKnew  https…",2016-12-11T00:57:23.000Z,57774242,en,,
RT @GreenGregDennis: @350 Bill McKibben on why Vermont must #divestnow from coal and #ExxonKnew #vtpoli https://t.co/6YoxB4xVXV,2016-02-19T18:40:12.000Z,2986102107,en,,
RT @SasjaBeslik: Note to #Exxon: Lying About #ClimateChange Isn’t Free Speech—It’s Fraud https://t.co/OjxHNlrI03 #ExxonKnew https://t.co/Us…,2016-05-08T19:48:36.000Z,546947988,en,,
"RT @billmckibben: W/today's CA news re #exxonknew, planet's 8th-largest economy now probing world's richest oil company in worst corporate …",2016-01-21T18:17:02.000Z,4330753636,en,,
RT @Exxon_Knew: Stop saying #Tillerson is good on climate. He leads the oil company WORST on climate #ExxonKnew via @jacobwe https://t.co/P…,2016-12-23T18:04:27.000Z,28577889,en,,
"RT @SenSanders: Congress must hold corporations accountable, not give them cover to lie to the American people. #ExxonKnew",2016-05-27T11:56:02.000Z,765898026,en,,
RT @wattsupwiththat: AG’s striking back at #ExxonKnew and #RICO20 say – “we can come after climate alarmists for… https://t.co/jWHZHSo0cj h…,2016-06-18T04:38:51.000Z,262479206,en,,
Trump considers Exxon CEO for Secretary of State. Sign on to push back against the madness: https://t.co/GPJGdgi6tG #ExxonKnew,2016-12-07T16:56:04.000Z,726345248,en,,
RT @billmckibben: Crime scene tape wraps coral reefs--'cuz #exxonknew is a sad story about irresponsibility https://t.co/GzZbfeuqqK https:/…,2016-08-19T06:31:13.000Z,45474880,en,,
RT @greenpeaceusa: The fossil fuel industry's climate denial is having severe impacts on people all over the world. #ExxonKnew https://t.co…,2016-08-08T20:26:22.000Z,794564605,en,,
"RT @Exxon_Knew: ""ExxonMobil has a long history of peddling misinformation on climate change."" @elizkolbert in @NewYorker #ExxonKnew https:/…",2016-12-16T19:11:18.000Z,21559398,en,,
"RT @ClimateTruthOrg: Standing room only for the #CPCForum: ""Oil is the new Tobacco"" #ExxonKnew https://t.co/Jvw0bfmfk7",2016-06-22T18:30:20.000Z,15084800,en,,
RT @StopCorpAbuse: We support the attorneys general who are standing up for all of us and investigating what #ExxonKnew https://t.co/0EPNUe…,2016-09-15T19:06:59.000Z,498812175,en,,
Watch @exxonmobil's past come back to haunt them as scientist's granddaughter speaks out #exxonknew #climatechange https://t.co/3shCXE85HA,2016-06-05T11:34:27.000Z,1006742774,en,,
"RT @Agent350: Amazing day taking on Dakota Access Pipeline. Exxon, your next. #ExxonKnew presser kicks off at 9:00am at the Capitol. On to…",2016-09-14T03:56:45.000Z,47231175,en,,
RT @billmckibben: Good to see Granite State may join #exxonknew investigation! https://t.co/0EzJcMv6kZ Live free or overheat!,2016-04-20T05:11:04.000Z,2614714148,en,,
.@ExxonMobil covered up the truth about climate change. Demand they be investigated. #ExxonKnew #CorporateScum https://t.co/6v3g9lZsj4,2016-08-02T21:04:20.000Z,1411099752,en,,
"RT @billmckibben: Since 2007, Exxon's reserves in the tarsands have quadrupled; it's now 35% of company's global total https://t.co/68324Rl…",2016-09-30T19:48:04.000Z,517423679,en,,
RT @350: The call to investigate what #ExxonKnew builds in Washington state: https://t.co/8aubZXbDrA,2016-03-29T07:09:10.000Z,4454920214,en,,
Exxon is trying to intimidate us. They won't succeed. We are standing together to hold them accountable. https://t.co/SYmGJmoeQz #ExxonKnew,2016-05-25T17:12:25.000Z,4833127901,en,,
RT @350: #ExxonKnew is heating up. Exxon fights back by suing another Attorney General: https://t.co/tdwf58zzGr https://t.co/P1VunmiNWL,2016-06-18T20:06:21.000Z,2358490897,en,,
RT @Exxon_Knew: .@BostonGlobe tells @LamarSmithTX21 to stop “bullying on behalf of Big Oil” https://t.co/bOHojWP1eH #ExxonKnew @MassAGO @AG…,2016-09-21T10:28:56.000Z,1528768069,en,,
"RT @enjohnston: Look what showed up on one of Seattle's busiest streets today! Someone's ticked that #ExxonKnew. You should be, too. https:…",2016-02-25T00:18:11.000Z,465158654,en,,
House Science Cmte @HouseScience now demanding info on @SEC_Enforcement investigation of #ExxonKnew https://t.co/MK7yooj1Xl,2016-09-29T14:50:33.000Z,58489734,en,,
"RT @lindsaymeim14: Responsible investors: heed the warnings! Exxon is failing &amp; flailing (oh, and #ExxonKnew). Time to #divest to prioritiz…",2016-10-28T17:40:48.000Z,2711945658,en,,
RT @CulturesResist: #ExxonKnew! https://t.co/HozjXz3ieq,2016-09-21T18:03:12.000Z,353909797,und,,
More 'Delay and Deceit' as #Exxon Tries to Block #Climate Investigation https://t.co/UU152akftq #ExxonKnew https://t.co/ijFPkv5ARx,2016-10-18T15:14:26.000Z,14296273,en,,
#ExxonKnew about #climatechange. Tell @TheJusticeDept to investigate! @SierraRise https://t.co/UbkU6L29vv,2016-06-03T01:26:14.000Z,42976766,en,,
RT @GretchenTG: Breaking: @TheCLF now announcing first lawsuit against @exxonmobil for its deception on #climate change. #ExxonKnew https:/…,2016-05-17T17:41:54.000Z,2573387132,en,,
RT @Exxon_Knew: .@CLF filed suit against Exxon for polluting Boston's Mystic River &amp; failing to prep for impacts of #climatechange. #ExxonK…,2016-10-04T08:45:40.000Z,2157436815,en,,
@keithellison Serious Opportunity costs due to denia&amp;delay fossil fuel Hearing with Progressive Caucus #ExxonKnew https://t.co/5EXr7Xua79,2016-06-22T19:10:31.000Z,3436245676,en,,
"RT @kellyemitchell: #ExxonKnew hearing complete. House Rs reveal their ignorance on:
1. law
2. science
3. more science
4. again, the law
th…",2016-09-14T17:01:15.000Z,7.46E+17,en,,
"RT @greenpeaceusa: Bill McKibben: It's not just what Exxon did, it's what it's doing. #ExxonKnew https://t.co/AXBKVUQ4f7 https://t.co/2CZWF…",2016-02-20T22:04:10.000Z,34771848,en,,
"""Healey should pull out of this foolish effort to basically try to regulate speech."" https://t.co/lIKDh41rSU #ExxonKnew",2016-06-27T11:02:33.000Z,1059359743,en,,
Support AGs under attack for investigating Exxon's deception on #climatechange #Exxonknew https://t.co/dqlEqwJH88,2016-06-23T22:41:21.000Z,21212683,en,,
"RT @joshfoxfilm: ""Exxon's offshore drilling rigs were built to withstand the sea level rise they knew was coming "" @billmckibben #ExxonKnew",2016-11-11T01:26:29.000Z,1262489053,en,,
RT @kmaxx350: @350pacific - @exxonmobil said coal/oil/gas will provide 80% of energy through till 2040. That logic sinks our atolls #ExxonK…,2016-08-22T13:25:00.000Z,47231175,en,,
"RT @350: #ExxonKnew, Exxon lied -- and now the world's biggest oil company is no longer profitable. https://t.co/i1PaRETUj5 https://t.co/hx…",2016-10-30T16:37:00.000Z,20689780,en,,
RT @ClimateReality: Big Tobacco said cigarettes aren’t bad for people. Big Oil says fossil fuels aren’t bad for the planet #ExxonKnew https…,2016-05-19T19:06:35.000Z,2437761697,en,,
RT @350: BREAKING: Exxon is now under SEC investigation for climate change and accounting practices. #ExxonKnew https://t.co/61aXs8TY18,2016-09-20T19:32:26.000Z,45881729,en,,
Tell @SpeakerRyan: Stop @HouseScience attack on @ExxonMobil critics: https://t.co/v4usbstSix #ExxonKnew,2016-05-30T01:47:47.000Z,811545324,en,,
RT @MarkRuffalo: The Climate Deception Dossiers: Internal Fossil Fuel Industry Memos Reveal Decades of Disinformation #ExxonKnew  https://t…,2016-03-30T18:35:53.000Z,221568800,en,,
RT @RichmondVale: Exxon’s fingerprints are all over these fires https://t.co/zdgkz6X68G #exxonknew #environment https://t.co/F9YDJnOTQC,2016-08-06T16:50:29.000Z,7.05E+17,en,,
"RT @Exxon_Knew: ""ExxonMobil has a long history of peddling misinformation on climate change."" @elizkolbert in @NewYorker #ExxonKnew https:/…",2016-12-19T20:09:51.000Z,7.86E+17,en,,
RT @climateprogress: The #ExxonKnew hearing was perfectly on brand for Congress right now https://t.co/q8WsZ1fw55 https://t.co/pKT7kGS9Yp,2016-09-15T10:49:44.000Z,4495411872,en,,
SIGN to tell @SpeakerRyan: @LamarSmithTX21 &amp; @HouseScience should not help hide what #ExxonKnew: https://t.co/DJDSMF30xG,2016-08-05T03:03:36.000Z,3242200535,en,,
Inside Climate News caught with their hand in the Rockefeller cookie jar #ExxonKnew https://t.co/FEiwMIuipH via @wattsupwiththat,2016-11-02T08:35:47.000Z,3200857527,en,,
RT @Greenpeace: Scale of climate damages ‘could dwarf tobacco lawsuits’ #exxonknew https://t.co/SLfwZCZHGs https://t.co/lB5wC4rV1F,2016-06-28T04:45:40.000Z,245237663,en,,
"READ: Why a key Exxon-family heir divested all his stock: https://t.co/f9PG85Isbm 

*Spoiler* -- 'cause #ExxonKnew. https://t.co/EQyTo1xngx",2016-03-20T21:40:22.000Z,5849252,en,,
RT @billmckibben: One of the regular intervals when you realize The Onion may be closer to the news than anyone else  #exxonknew https://t.…,2016-04-13T23:01:21.000Z,430579114,en,,
Tell @ExxonMobil to face reality and act responsibly on global warming. Now it’s your turn: https://t.co/j89GOuJ6nd #ExxonKnew,2016-06-29T21:20:56.000Z,2884800802,en,,
Tell @LamarSmithTX21 and @exxonmobil you stand with #ExxonKnew crew fighting for #climate justice https://t.co/slOF0pdiGm,2016-07-19T19:34:18.000Z,487758089,en,,
"Rex Tillerson’s Company, #Exxon, Has Billions at Stake Over Sanctions on Russia 
#ExxonKnew #corruption
https://t.co/gKU1QYyZZ8",2016-12-14T14:44:18.000Z,177458594,en,,
RT @GovPeterShumlin: Wow. Exxon spends $27 million per year to block efforts to combat #climatechange. Time for #VT to divest. #Exxonknew h…,2016-04-07T21:30:11.000Z,1976624676,en,,
@exxonmobil @KatrinaNation FYI...  https://t.co/MTAq68sG7W  #climatechange #ExxonKnew,2016-06-30T16:56:34.000Z,246774523,und,,
"RT @climatetruth: NEW: Exxon Can't Take the Heat, Backs Off Support for Major Scientific Society @theAGU https://t.co/VaUKsLpSqZ #AGU16 #Ex…",2016-12-03T00:48:21.000Z,564141120,en,,
"RT @Exxon_Knew: ""ExxonMobil has a long history of peddling misinformation on climate change."" @elizkolbert in @NewYorker #ExxonKnew https:/…",2016-12-17T23:52:59.000Z,7.65E+17,en,,
RT @350: Mass global coral bleaching wasn’t a thing 30 years ago. Exxon made it a thing. #ExxonKnew https://t.co/wAy51G8z57,2016-08-25T06:15:20.000Z,2331421572,en,,
RT @Agent350: Best evidence Exxon doesn’t care about climate change? They’re doubling down on tar sands investments: https://t.co/589IgWVts…,2016-12-19T18:49:53.000Z,17679194,en,,
RT @DaHalperin: BREAKING: @Waterkeeper petitions @epa to end all US contracts w Exxon because of #climatechange deception https://t.co/nQdk…,2016-12-14T23:56:27.000Z,28064611,en,,
"RT @Adam_Zuck: Perfect=when @exxonmobil's greenwashing hashtag backfires brilliantly.
#EnergyLivesHere #ExxonKnew https://t.co/CsdiK6FmoC",2016-08-11T21:55:59.000Z,101790355,en,,
RT @billmckibben: Heir to Exxon fortune says co. could face 'much worse' consequences than tobacco industry for its deceit https://t.co/h9B…,2016-02-16T03:05:32.000Z,332714525,en,,
RT @greenpeaceusa: The fossil fuel industry's climate denial is having severe impacts on people all over the world. #ExxonKnew https://t.co…,2016-08-09T06:37:42.000Z,636169232,en,,
"RT @350: Bye, Exxon!

HUGE. Rockefeller fund will eliminate all holdings, 'cause #ExxonKnew: https://t.co/5AhAmc4Biq https://t.co/dH4omcqeaC",2016-03-23T21:50:54.000Z,3197709759,en,,
RT @350: Exxon keeps being singled out for its role in climate change deceit because #ExxonKnew https://t.co/bf3O9MFXSL https://t.co/TDwHEJ…,2016-04-02T23:32:59.000Z,58352165,en,,
RT @Exxon_Knew: Don't let Rex dupe you. @exxonmobil still spends HUGE money on climate denial &amp; anti-climate politicians. #ExxonKnew https:…,2016-12-16T00:19:08.000Z,472073937,en,,
"RT @billmckibben: Wow. Nation's attorney generals are meeting in DC tonite, and someone projected this up on the wall  #ExxonKnew https://t…",2016-02-23T10:52:18.000Z,24356672,en,,
Take Action: Shut down @HouseScience attack on @ExxonMobil critics: https://t.co/ZvASft58Q9 #ExxonKnew,2016-06-09T13:47:58.000Z,2612711418,en,,
RT @350: Exxon may have committed one of the biggest corporate crimes ever - and Congress is targeting us instead. https://t.co/tF5Fr1UeUs…,2016-05-23T23:52:58.000Z,5849252,en,,
"RT @hockeyschtick1: AGU Rejects #ExxonKnew Agenda, Email shows more implosions from within https://t.co/GCIxw2lMlt",2016-09-26T16:13:13.000Z,3323787340,en,,
"RT @StopCorpAbuse: Listen live @ 2pm ET: @USProgressives forum: ""Oil is the New Tobacco."" #ExxonKnew https://t.co/0Gcl0dJXFR",2016-06-22T18:37:30.000Z,2832981922,en,,
RT @350: We can hold fossil fuel companies like Exxon accountable. #ExxonKnew https://t.co/3S3EwoP70b,2016-07-13T00:17:47.000Z,20474859,en,,
"Before #ExxonKnew, Industry Hid Perils of Smog with #SmokeAndFumes https://t.co/InLHPZlwcu by @commondreams https://t.co/prXSHu0Psc",2016-06-09T22:53:47.000Z,3301910843,en,,
RT @ajplus: #ExxonKnew of the risks of climate change well before much of the world. https://t.co/IYd3Pw5PLa,2016-04-18T16:44:53.000Z,367324293,en,,
"RT @DeSmogBlog: .@exxonmobil  Still Funding #Climate Science Denial Groups, New Disclosures Show https://t.co/PRzp57E37p #exxonknew https:/…",2016-07-12T16:19:43.000Z,132817020,en,,
Boston Herald Editorial: Healey #Exxonknew political vendetta comes at a high price for taxpayers https://t.co/dCP4eDv6q1,2016-12-02T14:13:11.000Z,785541367,en,,
RT @billmckibben: Fascinating inside story of the Rockefeller family vs the company their grand-dad began https://t.co/Omjle0h1ej #ExxonKnew,2016-11-17T22:18:06.000Z,946126124,en,,
RT @ajplus: #ExxonKnew of the risks of climate change well before much of the world. https://t.co/IYd3Pw5PLa,2016-04-19T18:13:31.000Z,36806512,en,,
"The world's coral reefs didn't just die, they were killed #ExxonKnew https://t.co/ldPj8YQGSW",2016-08-19T15:54:59.000Z,614434089,en,,
"RT @MarkRuffalo: Why does Putin want Trump Pres? $500 billion opportunity for Exxon, Russia in Trump cabinet pick | MSNBC #ExxonKnew  https…",2016-12-12T00:37:37.000Z,17192691,en,,
RT @MikeHudema: Exxon spends $27 million/year to block #climate action. New report: https://t.co/piQSNnDvSF #ExxonKnew #ActOnClimate https:…,2016-04-08T12:28:41.000Z,2913919833,en,,
"RT @SenSanders: Congress must hold corporations accountable, not give them cover to lie to the American people. #ExxonKnew",2016-05-26T22:44:56.000Z,1549420188,en,,
RT @350: Communities who depend on the reefs hit by mass coral die-off know who to blame. #ExxonKnew https://t.co/ocmfuGhSKT https://t.co/P…,2016-08-18T19:20:13.000Z,7.44E+17,en,,
RT @greenpeaceusa: There's more to what #ExxonKnew than you might think. #ClimateDenialLivesHere #EnergyLivesHere https://t.co/APyv8VQM7v,2016-08-13T02:44:07.000Z,2924907855,en,,
RT @commondreams: #ExxonMobil Top Sponsor  #ALEC Annual Meeting https://t.co/BUF7OfAJLo #ALECexposed #ExxonKnew by @prwatch https://t.co/cq…,2016-07-27T19:51:31.000Z,3321386251,en,,
RT @ClimateReality: Big Tobacco said cigarettes aren’t bad for people. Big Oil says fossil fuels aren’t bad for the planet #ExxonKnew https…,2016-05-19T19:55:39.000Z,267499703,en,,
I just told @ExxonMobil to face reality and act responsibly on global warming. Now it’s your turn: https://t.co/A9joNRpPYv #ExxonKnew,2016-06-30T20:09:36.000Z,7.39E+17,en,,
Sign here to tell @jiminhofe &amp; his @EPWMaj to hold #HearingsNotSnowballs on what #ExxonKnew vs told #Congress https://t.co/dquyNxnmRS,2016-02-09T21:36:15.000Z,48779872,en,,
"RT @billmckibben: Wow! Reacting to #exxonknew, @BernieSanders just pledged: 'no fossil fuel lobbyist or executive will find work in a Sande…",2016-01-08T22:09:09.000Z,2203631166,en,,
"RT @thestoppedclock: #fossilfuels are DEAD
#oil #coal #gas #fracking
#Shell #BP #ExxonKnew #Everyoneknew
#leaveitintheground #climatechange…",2016-09-29T12:55:40.000Z,955903212,en,,
RT @Greenpeace: The history of Exxon’s decades of #climatedenial in one powerful infographic https://t.co/2QbrsQseBP #exxonknew https://t.c…,2016-07-27T06:37:51.000Z,2934931756,en,,
RT @PeterWelch: But it should also investigate whether #ExxonKnew its product was contributing to #climatechange &amp; failed to disclose those…,2016-09-23T14:17:23.000Z,3021662878,en,,
Tell @LamarSmithTX21 and @exxonmobil you stand with #ExxonKnew crew fighting for #climate justice https://t.co/ssFnYDRCDK,2016-07-19T12:25:13.000Z,55770582,en,,
"RT @EnviroAction: Prof. Charles Tiefer: ""Exxon's statements conflicted factually and materially with their own research"" #ExxonKnew",2016-09-14T14:52:47.000Z,424412581,en,,
RT @insideclimate: InsideClimate News Wins SPJ Award for #ExxonKnew Infographics. Congrats @CoolJerk! https://t.co/NhKrfHt9eU https://t.co/…,2016-04-22T18:06:17.000Z,385700427,en,,
#ExxonKnew and Exxon lied. It's time for their day in court to come -- add your name &amp; call for an investigation: https://t.co/uYe5nwsdjc,2016-02-20T20:55:07.000Z,443181213,en,,
RT @350: Today Trump officially nominates Exxon's CEO to be US Secretary of State. Our response: https://t.co/fUKMrJTLsY #ExxonKnew,2016-12-13T14:12:35.000Z,14641156,en,,
RT @350action: The SEC just jumped into the #ExxonKnew fight. https://t.co/4EIaYBVvJn,2016-09-21T02:32:15.000Z,111331555,en,,
"RT @PeterWSinclair: #ExxonKnew  The most underreported story of the last, oh, say,... 50 million years.  https://t.co/OLu3NGACIU https://t.…",2016-04-26T19:08:49.000Z,17079503,en,,
RT @Greenpeace: Did @Exxonmobil lie about #climatechange? #exxonknew https://t.co/872JjJCWxm https://t.co/D6llvLOKtc,2016-07-13T01:10:50.000Z,3365929053,en,,
"RT @SenSanders: Congress must hold corporations accountable, not give them cover to lie to the American people. #ExxonKnew",2016-05-27T18:50:31.000Z,7.11E+17,en,,
"RT @DaHalperin: ""ALEC is a corporate lobby front group masquerading as a charity, at taxpayer expense"" https://t.co/sRY5CpzojK #ALECExposed…",2016-10-06T16:41:23.000Z,4864402683,en,,
RT @Agent350: NSFW—but utterly hilarious. @LastWeekTonight eviscerates API and it’s ridiculous @Vote4Energy campaign: https://t.co/ZozZLgKR…,2016-08-16T19:20:47.000Z,101307690,en,,
"RT @enjohnston: Handing the petition over to @agowa office. 6511 people asking 4 investigation of what #ExxonKnew, &amp; how they lied. https:/…",2016-04-30T05:06:34.000Z,29528215,en,,
"RT @EEPublishing: ClimateWire: Rift emerges over #Exxon -- engage or divest?
by @benhulac @MikeLeeFW https://t.co/VRWn0NEzXy 
#ExxonAGM #cl…",2016-05-26T17:47:11.000Z,16910688,en,,
RT @billmckibben: VT House of Rep. calls for sale of state's stock in Exxon!  1st legis. body to take the step! Kudos to @VTSierraClub @350…,2016-02-27T00:48:32.000Z,4595518214,en,,
"As #ExxonKnew collapses, conservative think tank sues AG Schneiderman over Exxon probe records https://t.co/usNX24fgoZ via @wattsupwiththat",2016-09-01T05:35:16.000Z,15063486,en,,
"RT @ClimateReality: ""Denial is no longer a credible business plan."" https://t.co/FQpQOOeTBm  #ExxonKnew #ClimateChangeIsReal https://t.co/q…",2016-02-04T18:45:57.000Z,295932014,en,,
"RT @MarkRuffalo: Why does Putin want Trump Pres? $500 billion opportunity for Exxon, Russia in Trump cabinet pick | MSNBC #ExxonKnew  https…",2016-12-10T23:14:41.000Z,3419810279,en,,
"RT @ClimateReality: When a company lies to us, we hold it responsible — period. It’s time to hold Big Polluters responsible #ExxonKnew http…",2016-05-17T03:28:02.000Z,2174557292,en,,
RT @MarkRuffalo: The Climate Deception Dossiers: Internal Fossil Fuel Industry Memos Reveal Decades of Disinformation #ExxonKnew  https://t…,2016-03-30T14:53:04.000Z,350673895,en,,
RT @Exxon_Knew: Stop saying #Tillerson is good on climate. He leads the oil company WORST on climate #ExxonKnew via @jacobwe https://t.co/P…,2016-12-23T17:18:14.000Z,2523313824,en,,
RT @Agent350: #Divestment is just one of the tools we’re going to use to go after Exxon over the coming year. The fight is on! #exxonknew,2016-01-07T19:52:05.000Z,30813961,en,,
RT @kneadlesst0say: BREAKING💥#Earthquake 5.6 in #Oklahoma felt from #Texas 2 #Minnesota 🤔that's unusual...BAN #fracking now! #ExxonKnew  ht…,2016-09-03T13:09:49.000Z,848889049,en,,
"#ExxonKnew about the #climate, and they lied. Tell your Attorney General to investigate Exxon: https://t.co/O5rvGbGxsZ via @priceofoil",2016-05-30T13:12:31.000Z,26135840,en,,
"RT @billmckibben: Exxon, which has utterly absolutely nothing at all to hide, is suing to stop NY @AGSchneiderman probe of #exxonknew. http…",2016-10-19T21:28:50.000Z,16598579,en,,
RT @greenpeaceusa: #ExxonKnew about climate change as far back as the 1970s — now its CEO could be Trump's Sec. of State. https://t.co/E4mt…,2016-12-11T06:47:32.000Z,702137792,en,,
Ask attorneys general to investigate Exxon for hiding #climatechange science while funding denial. #ExxonKnew  https://t.co/LNnsDvjEox,2016-03-31T00:27:49.000Z,3304228391,en,,
RT @climatetruth: .@theAGU got the message: Exxon $ threatens their integrity  https://t.co/jqBtG4v0Pb #StandWithScientists #ExxonKnew http…,2016-09-14T22:03:04.000Z,550772648,en,,
RT @UCSEnergy: We do not have 40 years to hold #fossilfuel interests accountable for #climatechange @algore #exxonknew https://t.co/oDGmLpV…,2016-03-29T16:03:13.000Z,192842634,en,,
RT @MarkRuffalo: The Climate Deception Dossiers: Internal Fossil Fuel Industry Memos Reveal Decades of Disinformation #ExxonKnew  https://t…,2016-03-30T20:08:32.000Z,2792910554,en,,
The @FBI is investigating what #ExxonKnew about #climatechange. Tell @LorettaLynch to bring @exxonmobil to justice! https://t.co/WXu0NEUQ8s,2016-04-30T13:51:04.000Z,22255728,en,,
RT @ClimateTruthOrg: #ClimateDenial is still alive and well at #Exxon. A great piece by @pwarburg: https://t.co/alilpbrgy8 #ExxonKnew,2016-05-20T01:20:11.000Z,852281209,en,,
Tell @SpeakerRyan: Stop @HouseScience attack on @ExxonMobil critics: https://t.co/AdTO9o5nYT #ExxonKnew,2016-05-29T17:33:50.000Z,24884623,en,,
"The world's coral reefs didn't just die, they were killed #ExxonKnew https://t.co/IuZrXj3NAZ",2016-08-19T23:48:47.000Z,56378216,en,,
RT @SoCalClimate350: #ExxonKnew And Docs Suggest All Major Oil Giants Have Lied Since 1970s https://t.co/jEYW859UuQ,2016-01-02T17:57:26.000Z,185671206,en,,
RT @Exxon_Knew: Stop saying #Tillerson is good on climate. He leads the oil company WORST on climate #ExxonKnew via @jacobwe https://t.co/P…,2016-12-29T10:56:54.000Z,288097683,en,,
RT @sierraclub: #ExxonKnew About #Climate Change And ExxonKnows How To Use #Trade Deals To Get Its Way https://t.co/wdoyIxtGyV (via @ilana_…,2016-06-03T17:52:46.000Z,492294104,en,,
Help @EnviroAction &amp; friends demand our AGs investigate @exxonmobil for what #ExxonKnew about #climatechange  https://t.co/CJlWTPu30A,2016-05-25T23:15:11.000Z,69815204,en,,
"RT @billmckibben: Man! Rockefeller Family Fund sells all Exxon stock, citing company's 'morally reprehensible conduct.' #exxonknew https://…",2016-03-24T03:44:07.000Z,145253949,en,,
RT @Exxon_Knew: Stop saying #Tillerson is good on climate. He leads the oil company WORST on climate #ExxonKnew via @jacobwe https://t.co/P…,2016-12-26T08:17:03.000Z,1898704688,en,,
“There is no doubt”: #ExxonKnew CO2 Pollution Was A Global #climatechange Threat By Late 1970s  https://t.co/jPkW4WyXcv #lnpfail #climate,2016-07-14T01:57:18.000Z,478435829,en,152.399388,-31.938369
"@CleanAirMoms @BarbaraFavola - Actually, it's worse: #clinate deniers are organized crime. #ExxonKnew - movie: Merchants of Doubt",2016-03-29T02:43:41.000Z,262349771,en,,
"RT @billmckibben: New docs unearthed: by 1980, Exxon execs knew 'there is no doubt' fossil fuel was warming our plant #exxonknew https://t.…",2016-04-26T17:14:23.000Z,225239091,en,,
RT @RepTedLieu: Exxon’s actions draw alarming parallels to big tobacco’s cover ups just a decade ago. #ExxonKnew,2016-09-14T16:34:22.000Z,7.57E+17,en,,
[EcoWatch] New Uncovered Corporate Documents Show #ExxonKnew Much Earlier Than Previously Reported https://t.co/SSs3MWEGXT,2016-04-27T14:46:25.000Z,614495720,en,,
"Exxon is playing Big Tobacco's denial game, it's time for it to end. Tell Exxon to leave ALEC: https://t.co/p0FRo1b3kp #ExxonKnew",2016-05-24T14:09:11.000Z,54537502,en,,
I stood with scientists and told @theAGU to stop accepting funding from @exxonmobil. Join me: https://t.co/lzgVuV4AA7 #exxonknew,2016-08-12T15:36:33.000Z,406083670,en,,
"RT @RichardAngwin: #Trump candidate for Secretary of State, ExxonMobil CEO Rex Tillerson, wants #fracking everywhere except in his yard.

#…",2016-12-14T08:55:40.000Z,55816989,en,,
"RT @ciel_tweets: Evidence Suggests Oil Industry Wrote Big Tobacco's Playbook, Then Used It to Lie About Climate Change https://t.co/3CqxiK5…",2016-08-16T21:54:44.000Z,419024301,en,,
RT @repdonnaedwards: The question at hand is whether Exxon knew its products were harmful. Attorneys General investigation will inform. 5/…,2016-09-14T23:40:40.000Z,865200110,en,,
RT @350: Exxon’s multi-decade fraud shows that it will never change its business model. Shareholders must #divest. #exxonknew https://t.co/…,2016-05-20T22:04:12.000Z,17476331,en,,
"RT @350: ""The coral die-off crisis is a climate crime and Exxon fired the gun"" 
#ExxonKnew must-read: https://t.co/N6WFBtmWfk https://t.co/…",2016-08-18T13:43:15.000Z,20604477,en,,
RT @lindsaymeim14: .@350 Responds to Lamar Smith announcing hearing to defend Exxon’s climate lies https://t.co/Xi2u9y8GxY #ExxonKnew https…,2016-08-31T16:07:50.000Z,59514202,en,,
RT @AliciaDanielsU: Steve Curwood @livingonearth #Truth ? Transparency ? #ExxonKnew https://t.co/TPCIIO6d5b,2016-05-12T03:34:12.000Z,1476025075,en,,
"RT @billmckibben: Wow. Nation's attorney generals are meeting in DC tonite, and someone projected this up on the wall  #ExxonKnew https://t…",2016-02-24T02:07:26.000Z,1576283767,en,,
"RT @UCSUSA: DoJ lawyer who led suit against tobacco industry, @SharonYEubanks on subpoena, #exxonknew: https://t.co/hAGZUZdSGT https://t.co…",2016-07-23T12:17:23.000Z,459407571,en,,
#ExxonKnew #ClimateChangeIsReal but lied for decades to profit at our expense. Stand with AGs investigating them: https://t.co/cmZdCwZdi6,2016-12-20T17:15:59.000Z,7401702,en,,
#ExxonKnew @LamarSmithTX21,2016-07-16T11:58:15.000Z,176746553,qme,4.7288999,52.2782266
"RT @350: #ExxonKnew about climate change decades ago, but they're STILL twisting logic to avoid taking responsibility: https://t.co/Npf2e9B…",2016-02-29T20:31:25.000Z,294918280,en,,
"We won't be silenced by Exxon and their allies in Congress -- #ExxonKnew, and we won't back down. https://t.co/BTb3WGJr4M",2016-05-26T13:00:09.000Z,17739483,en,,
"RT @350action: It's not just Exxon. #ShellKnew, too. #ExxonKnew https://t.co/vHzRh5iz3H",2016-02-20T19:12:05.000Z,498515658,en,,
"Tom Steyer Changes His Tune, Runs for the Exits on #ExxonKnew https://t.co/CV0l166LON via @EnergyInDepth",2016-09-27T22:05:31.000Z,7.50E+17,en,,
I just told @ExxonMobil to face reality and act responsibly on global warming. Now it’s your turn: https://t.co/g8cHDKksTZ #ExxonKnew,2016-06-29T19:45:04.000Z,189870212,en,,
"Big Oil Is WAY More Evil Than We Thought

#ExxonKnew 

#FeelTheBern  https://t.co/lUIyi28KOo",2016-04-25T06:00:04.000Z,2221907575,en,,
RT @ClimateTruthOrg: Disgusted by Exxon-funded GOP reps on @HouseScience? Sign on &amp; stand with Senators fighting #WebOfDenial. #ExxonKnew h…,2016-07-16T12:19:41.000Z,4845415637,en,,
RT @shankman: Enormously proud of my colleagues at @insideclimate who were just named finalists in the Pulitzers Public Service category. #…,2016-04-18T19:51:37.000Z,15347731,en,,
"RT @350: When Rex Tillerson goes to the Senate, he can expect questions about the #ExxonKnew climate science coverup: https://t.co/yEGvdRBw…",2016-12-22T23:41:49.000Z,14706368,en,,
RT @RisingTideNA: Four #Climate Denier Groups #Exxon Is Still Funding https://t.co/8OfxRe31cS  #ExxonKnew,2016-07-18T19:50:27.000Z,2664278533,en,,
RT @350: Exxon is clearly worried. Now they're attacking us directly -- but we're not taking it lying down. READ: https://t.co/ykKZAyOBwY #…,2016-12-09T00:47:58.000Z,20689780,en,,
RT @350: Mass global coral bleaching wasn’t a thing 30 years ago. Exxon made it a thing. #ExxonKnew https://t.co/wAy51G8z57,2016-08-25T10:06:16.000Z,4453441584,en,,
RT @UCSUSA: Exxon deceived public on #climate science. We won't be intimidated in our fight to hold them accountable: https://t.co/7y05B1dG…,2016-05-24T08:05:15.000Z,4453387094,en,,
"RT @350: ""American Geophysical Union sells scientific integrity for $35k in Exxon money"" https://t.co/3ypNQIAjZV #ExxonKnew https://t.co/bH…",2016-04-21T14:04:49.000Z,3017262595,en,,
RT @ClimateReality: US attorneys general will investigate energy firms for climate deception https://t.co/zrwcjxGys1 #ExxonKnew https://t.c…,2016-04-01T20:31:04.000Z,4644626669,en,,
"Sanders, Warren Blast Republican Efforts to Derail #ExxonKnew Probe https://t.co/x2BFcQQ6Yb #GlobalWarming, #ClimateAction",2016-06-03T12:15:02.000Z,7.33E+17,en,,
".@joniernst Tell us again how #climatechange isn't real?

https://t.co/xILjb8XEWN

#wildfire #heatwave #ExxonKnew #ActOnClimate",2016-06-20T20:28:08.000Z,246774523,en,,
"RT @billmckibben: Big big news--CA joins NY in investigating #exxonknew scandal. ""Casting a wide net"" about their deceit https://t.co/G502t…",2016-01-20T15:11:37.000Z,2665794693,en,,
"RT @350: If you live in the US, call for an investigation: https://t.co/mt5iMZIWgV #ExxonKnew https://t.co/KYIxRAnkKt",2016-05-10T10:57:23.000Z,90440230,en,,
"RT @brentjnewell: @MattPawa speaking truth to power at #PIELC2016:  ""Doubt is their product."" #exxonknew https://t.co/46kf9ZNVM7",2016-03-05T00:04:59.000Z,29528215,en,,
RT @billmckibben: Perhaps planet's most eminent earth scientist demands @theAGU cut its ties with Exxon #exxonknew https://t.co/FwM2kMi3Wj,2016-08-11T21:53:00.000Z,3586157234,en,,
RT @MarkRuffalo: CO2's Role in Global Warming Has Been on the Oil Industry's Radar Since the 1960s | InsideClimate News...#ExxonKnew  https…,2016-04-13T23:31:28.000Z,49633290,en,,
RT @350: #ExxonKnew is heating up. Exxon fights back by suing another Attorney General: https://t.co/tdwf58zzGr https://t.co/P1VunmiNWL,2016-06-18T23:58:11.000Z,512577250,en,,
RT @Doug350: #HaikuXOM— I would love to help / ___ _________ ______ / ___ ________ @SuzanneMcCarron @exxonmobil @JerseyStandard #BreakFree2…,2016-07-17T14:45:29.000Z,196753919,en,,
RT @350: Communities who depend on the reefs hit by mass coral die-off know who to blame. #ExxonKnew https://t.co/ocmfuGhSKT https://t.co/P…,2016-08-18T18:25:12.000Z,8939882,en,,
The latest The Green News Daily! https://t.co/QL4KfueEAu #exxonknew #brexit,2016-06-28T06:17:39.000Z,15966519,en,,
RT @ClimateTruthOrg: Disgusted by Exxon-funded GOP reps on @HouseScience? Sign on &amp; stand with Senators fighting #WebOfDenial. #ExxonKnew h…,2016-07-13T23:09:52.000Z,2186554418,en,,
RT @350: Today people from across Texas will rally outside Exxon's AGM to call out destruction and lies. Updates: https://t.co/2pcAFLf5d7 #…,2016-05-25T13:01:05.000Z,7711982,en,,
the @FBI is investigating what #ExxonKnew about #climatechange. Tell @LorettaLynch to bring @exxonmobil to justice! https://t.co/RTQFxnX19h,2016-03-08T03:28:25.000Z,19996917,en,,
RT @Exxon_Knew: Stop saying #Tillerson is good on climate. He leads the oil company WORST on climate #ExxonKnew via @jacobwe https://t.co/P…,2016-12-27T13:31:48.000Z,3036855912,en,,
RT @350: There's dark money behind the attack on New York's investigation into #ExxonKnew. https://t.co/RFZL1EzgR3 https://t.co/7C55ZoXUwL,2016-10-21T15:34:10.000Z,2555839949,en,,
RT @EnergyInDepth: #Rockefellers funded #ExxonKnew campaign to push ‘better #climate policy’ https://t.co/TsWfsJj2rr,2016-04-01T15:09:48.000Z,2521783891,en,,
"RT @TexasForBernie: Also, no way a Clinton AG will prosecute Exxon et al under RICO; @BernieSanders Admin AG will crush them. #ExxonKnew ht…",2016-04-02T23:07:08.000Z,224681412,en,,
"RT @enjohnston: Delivered, dated, stamped. It's official--@GovInslee knows #ExxonKnew. Will WA divest from history's worst actor? https://t…",2016-04-30T03:02:28.000Z,3061606452,en,,
Tell @SpeakerRyan: Stop @HouseScience attack on @ExxonMobil critics: https://t.co/2kCYnCCt8e #ExxonKnew,2016-05-29T17:41:42.000Z,480880379,en,,
Help @EnviroAction &amp; friends demand our AGs investigate @exxonmobil for what #ExxonKnew about #climatechange  https://t.co/Urk1dus9Q4,2016-05-27T01:53:32.000Z,304975667,en,,
RT @billmckibben: Young scientists ask whether AGU should be sponsored by Exxon in wake of #exxonknew scandal. Answer seems clear https://t…,2016-01-06T20:57:14.000Z,389918989,en,,
RT @KertDavies: check this..IRS asked if Exxon is knowingly skirting lobbying reporting using ALEC https://t.co/dh3AYBpyTx #ALECExposed #Ex…,2016-10-06T20:28:43.000Z,4875491553,en,,
"RT @CarbonBubble: Philippines investigates Shell and Exxon over #climatechange 

https://t.co/XqvOIdIQpV

#ExxonKnew @EmmaEHoward https://t…",2016-05-09T13:26:02.000Z,18525497,en,,
#ExxonKnew about #climate and lied. Send a message of thanks to Attorneys General investigating: https://t.co/XHW4nNhq3u via @priceofoil,2016-05-25T20:46:27.000Z,438266048,en,,
"""We’re prepared to do all we can to protect our First Amendment rights..."" from @HouseScience's attacks https://t.co/glYVvvUxtx #exxonknew",2016-07-13T20:15:31.000Z,634812478,en,,
RT @lindsaymeim14: .@mayboeve on Exxon’s paid-for Congressional allies targeting environmentalists: “We won’t be distracted” https://t.co/r…,2016-05-25T09:59:46.000Z,19009614,en,,
RT @insideclimate: Honored to be a finalist for @ONA's Al Neuharth Innovation in Investigative Journalism Award for #ExxonKnew series! http…,2016-08-17T22:06:45.000Z,16487286,en,,
An Open Letter to the #ExxonKnew #RICO20 Attorneys General about Climate Change : https://t.co/mzu01U9RT7 https://t.co/mCEx3GDAko,2016-06-10T23:24:47.000Z,13654822,en,,
RT @ALECexposed: Breaking: ExxonMobil Top Sponsor at ALEC Annual Meeting #ALECIndy #ExxonKnew https://t.co/AotBcyjfhz,2016-07-27T17:26:28.000Z,323229439,en,,
RT @thinkprogress: Congress couldn't agree on basic facts in the #ExxonKnew hearing https://t.co/ynXEztwajw,2016-09-14T21:20:04.000Z,762959228,en,,
Tell @LamarSmithTX21 and @exxonmobil you stand with #ExxonKnew crew fighting for #climate justice https://t.co/44WEe84adB,2016-08-15T18:55:05.000Z,1337814098,en,,
RT @billmckibben: Whoa--Apparently the SEC has joined the #exxonknew investigation. Getting a little warm....https://t.co/VbFgiblN1j,2016-09-20T20:14:36.000Z,577337633,en,,
RT @350action: Investors flee from Exxon as the their climate denial scandal grows. #ExxonKnew https://t.co/2xoRa0JJo0,2016-04-02T03:06:03.000Z,2361643167,en,,
"RT @billmckibben: Very good to see the Hulk weighing in on #exxonknew, especially since Exxon is America's foremost fracker! https://t.co/Y…",2016-03-02T02:08:36.000Z,2792910554,en,,
RT @DeSmogBlog: #Republican Attorneys General Met Secretly w/ Exxon Lobbyists to Stop #ClimateChange Investigations https://t.co/pnXQtj9T7E…,2016-10-06T18:37:01.000Z,189376144,en,,
RT @350: Today Trump officially nominates Exxon's CEO to be US Secretary of State. Our response: https://t.co/fUKMrJTLsY #ExxonKnew,2016-12-13T14:49:28.000Z,614290144,en,,
#ExxonKnew and is culpable for billions; perhaps trillions of dollars in damage. #ClimateChange #fb https://t.co/rrs8uJO5GN,2016-10-27T23:40:16.000Z,198948965,en,,
"RT @DeSmogBlog: In Retaliatory Attempt To Intimidate ‘#ExxonKnew’ Climate Accountability Movement, Exxon Sues MA Attorney General https://t…",2016-06-21T13:25:53.000Z,429421233,en,,
We live in a society where people knowingly cover up deadly products 2 ensure corp. profit. #ExxonKnew #DupontC8 #BigTobacco #IraqWar,2016-02-21T16:39:57.000Z,424657936,en,,
"RT @shailenewoodley: Tell @LamarSmithTX21, @HouseScience: #ExxonKnew and we won't back down. https://t.co/PbmpahwgfI",2016-07-19T23:27:35.000Z,4739133443,en,,
I stood with scientists and told @theAGU to stop accepting funding from @exxonmobil. Join me: https://t.co/q0pcKMHRZX #exxonknew,2016-08-13T18:43:15.000Z,66026803,en,,
"RT @MaggieJordanACN: With Al Gore trending, a timely reminder that #exxonknew about global warming back in 1982 and chose to not do anythin…",2016-10-05T20:14:49.000Z,43353979,en,,
"Thank NY, CA, MA &amp; VI for investigating Exxon for #climatechange fraud: https://t.co/iWoEpARaXf #exxonknew",2016-04-02T20:57:15.000Z,379979296,en,,
RT @ClimateReality: Big Oil took its playbook from Big Tobacco. It’s time to hold companies that mislead us accountable #ExxonKnew https://…,2016-05-02T23:52:57.000Z,4077671,en,,
RT @sierraclub: The House Science committee is holding a hearing to block and hide science. What a time to be alive. #ExxonKnew,2016-06-22T18:52:48.000Z,72911085,en,,
"Big oil spent $115m ‘obstructing’ #climate laws in 2015, NGO says https://t.co/ZRcW8PdguT #ExxonKnew https://t.co/4RmVtS0uzo",2016-04-18T03:20:14.000Z,26135840,en,,
RT @JunkScience: Climate communists protesting at today's Exxon's annual meeting. #ExxonKnew https://t.co/6NuutOU3D6,2016-05-25T14:38:03.000Z,1901735065,en,,
"RT @collinrees: ""Following the law isn't sufficient when law doesn't adequately protect communities"" 

BOOM. @AsYouSow getting real at #Exx…",2016-05-25T16:18:54.000Z,29881956,en,,
"The world's coral reefs didn't just die, they were killed #ExxonKnew - https://t.co/eudLbE4XJe",2016-08-18T23:42:12.000Z,269089109,en,,
"RT @kristincasper: Slowly, investors are pushing Exxon to face what climate change means for business. https://t.co/XyYIp2sDma #ExxonKnew",2016-10-31T16:33:51.000Z,7.15E+17,en,,
#ExxonKnew and Exxon lied. It's time for their day in court to come -- add your name &amp; call for an investigation: https://t.co/mQMXNBNcdJ,2016-02-21T03:45:59.000Z,243761426,en,,
#ExxonKnew #ImperialOilKnew #BigOilGreed #NotEnviroFriendly #NoAccountability #NEBFail #ClimateDeniers #cdnpoli  https://t.co/vfRphRfnKy,2016-04-27T04:36:59.000Z,2315874241,qme,,
Tell Republican attorneys general to stop interfering with states investigating Exxon: https://t.co/vKZ1IMK1C4 #exxonknew,2016-06-22T05:10:00.000Z,353996805,en,,
.@exxonmobil The evidence speaks for itself https://t.co/2U1THQat48 #ExxonKnew,2016-03-30T01:07:04.000Z,634812478,en,,
RT @Exxon_Knew: AGs join #ClimateLawChampions worldwide holding fossil fuel industry responsible #ExxonKnew https://t.co/4UpcLUwga1 https:/…,2016-06-21T16:32:42.000Z,449062798,en,,
"RT @billmckibben: W/today's CA news re #exxonknew, planet's 8th-largest economy now probing world's richest oil company in worst corporate …",2016-01-20T22:49:48.000Z,625668578,en,,
Urgent: #StandWithScientists &amp; call on @theAGU to drop Exxon sponsorship at this week's board meeting. https://t.co/ouClcZQqtC #ExxonKnew,2016-09-13T13:16:49.000Z,139366406,en,,
RT @repdonnaedwards: Just spoke at #ExxonKnew hearing about political subpoenas by House Science GOP of AGs trying to protect #PublicHealth…,2016-09-14T15:49:24.000Z,29205600,en,,
RT @billmckibben: NYT: Pressure on Exxon growing with new cache of documents showing #exxonknew https://t.co/B4vptdWbgV,2016-04-15T15:37:27.000Z,1525285584,en,,
RT @350: Mass global coral bleaching wasn’t a thing 30 years ago. Exxon made it a thing. #ExxonKnew https://t.co/wAy51G8z57,2016-08-25T10:06:16.000Z,4494231913,en,,
"RT @350: Surprise, surprise: Exxon voted down all climate resolutions at their AGM (an infallible trend since 1990).

Time to #divest. #Exx…",2016-05-25T17:41:49.000Z,2616205993,en,,
"RT @MarkRuffalo: Why does Putin want Trump Pres? $500 billion opportunity for Exxon, Russia in Trump cabinet pick | MSNBC #ExxonKnew  https…",2016-12-11T17:02:10.000Z,417354233,en,,
"RT @billmckibben: Hey Hey Hey @RepTedLieu may be Exxon's biggest foe in Congress. A brave, stand-up guy. #ExxonKnew",2016-07-29T02:24:33.000Z,455282150,en,,
RT @Exxon_Knew: REPORT: @exxonmobil's climate record is terrible https://t.co/HECmC3x9TV #ExxonKnew #OM2016 https://t.co/zne7jOuELW,2016-10-19T15:01:40.000Z,4831560219,en,,
"#ExxonKnew about the #climate, and they lied. Tell your Attorney General to investigate Exxon: https://t.co/mXiMJvzZnV via @priceofoil",2016-02-21T01:56:58.000Z,45003787,en,,
Owned By Oil Companies &amp; #Monsanto #HillaryClinton Does NOT Represent YOU #GMO #exxonknew #Hillaryiscorrupt #HillNo https://t.co/KaKQXrWdFg,2016-02-14T20:25:38.000Z,1005181758,en,,
"RT @billmckibben: Interesting, nuanced piece about how the #exxonknew scandal is playing out https://t.co/Yrg2ziMZAG via @DrRimmer",2016-07-01T11:03:30.000Z,375955921,en,,
.@theAGU Board meets next week. #StandWithScientists &amp; tell them to stop accepting Exxon's money: https://t.co/1JLuTkFbu1  #ExxonKnew,2016-09-08T14:31:55.000Z,2353493968,en,,
#ExxonKnew petition to investigate Exxon over climate change denial  https://t.co/wbVPeXNv62,2016-08-19T04:34:18.000Z,7.06E+17,en,,
RT @MikeHudema: Exxon spends $27 million/year to block #climate action. New report: https://t.co/piQSNnDvSF #ExxonKnew #ActOnClimate https:…,2016-04-08T09:13:21.000Z,1452696858,en,,
Tell Republican attorneys general to stop interfering with states investigating Exxon: https://t.co/BCxH5EqjzQ #exxonknew,2016-06-21T15:48:57.000Z,39656536,en,,
RT @AllanMargolin: More calls for prosecutors to probe what #ExxonKnew about #climate https://t.co/TS75de9Ann via @insideclimate @jackcushm…,2016-01-03T15:59:14.000Z,1117043418,en,,
"RT @MarkRuffalo: Why does Putin want Trump Pres? $500 billion opportunity for Exxon, Russia in Trump cabinet pick | MSNBC #ExxonKnew  https…",2016-12-10T23:13:55.000Z,41153802,en,,
"RT @ciel_tweets: #Fossilfuel companies funded #climate skepticism DECADES earlier than previously thought 
https://t.co/xXFJ3ZAgOn #SmokeAn…",2016-04-13T18:24:20.000Z,76179144,en,,
RT @kxlblockade: #TXGOP congressman @LamarSmithTX21 subpoenas those investigating Big Oil's #climate cover-up https://t.co/9O3g8vTXlL #Exxo…,2016-07-14T15:17:51.000Z,16395830,en,,
This #BigBlockOfCheeseDay I want @GinaEPA @ErnestMoniz &amp; @WhiteHouseCEQ to open an #Exxonknew case w/ @LorettaLynch https://t.co/PVX7hWAPuo,2016-01-15T02:26:12.000Z,1549551644,en,,
Is There a Legal Precedent for Fighting Lamar Smith #ExxonKnew Subpoenas? Try 1960 https://t.co/pPDZVQTbF6 https://t.co/FrnGf9g0bE,2016-09-14T06:49:03.000Z,14050550,en,,
"@SenJohnMcCain You've been lied to, sir. Time to wake up &amp; accept the #scient of #climatechange 

https://t.co/FNvZfrycrW 

#ExxonKnew",2016-02-18T16:39:49.000Z,246774523,en,,
RT @thinkprogress: Congress couldn't agree on basic facts in the #ExxonKnew hearing https://t.co/ynXEztwajw,2016-09-14T23:32:54.000Z,708428554,en,,
"RT @billmckibben: Hey, Kudos to MD Atty Gen @BrianFrosh who says he'll be holding oil companies accountable! https://t.co/3FpEANKSLR #exxon…",2016-02-23T19:05:31.000Z,1371316352,en,,
RT @ClimateTruthOrg: Disgusted by Exxon-funded GOP reps on @HouseScience? Sign on &amp; stand with Senators fighting #WebOfDenial. #ExxonKnew h…,2016-07-13T23:09:52.000Z,2186554418,en,,
Green groups spent years planning #ExxonKnew #climate investigation: https://t.co/DaqJQWzadA @EELegal @ceidotorg #1A https://t.co/jheHOcSVZW,2016-04-17T23:19:55.000Z,160306237,en,,
"From @insideclimate 2015 series on what #ExxonKnew, different views of climate science realities in graphic display. https://t.co/rWTqYdDbM3",2016-04-15T18:08:51.000Z,22921528,en,,
"RT @lindsaymeim14: Investigate Exxon, not the American people. #ExxonKnew https://t.co/zcU2omh5p0",2016-09-15T01:16:27.000Z,2459208067,en,,
"The world's coral reefs didn't just die, they were killed #ExxonKnew https://t.co/kTTtjpOCtv",2016-08-18T16:21:28.000Z,14900140,en,,
RT @hollycurrie3: #Exxon page reminds me of #SeaWorld when #blackfish first came out. Damage control. #ExxonKnew #climatechange #emptytheta…,2016-05-26T00:47:51.000Z,32391082,en,,
Bad news for Big Oil: the US Dept. of Justice referred their #ExxonKnew case to the FBI's criminal division. https://t.co/DI1sDz3p1T,2016-03-08T20:24:16.000Z,24762989,en,,
RT @ClimateHawkVote: Watch: @BernieSanders calls for federal probe into @exxonmobil https://t.co/LKHYDrqrm5 #ExxonKnew #FeelTheBern https:/…,2016-03-10T21:18:20.000Z,7.03E+17,en,,
"The world's coral reefs didn't just die, they were killed #ExxonKnew https://t.co/sRDTbo8NrW https://t.co/MMxUPxtYbc",2016-08-19T07:55:50.000Z,496835891,en,,
RT @ForestEthics: Exxon Mobil’s insane argument against action on climate change https://t.co/8YUR2E0Xzd via @grist #Exxonknew https://t.co…,2016-03-02T05:13:52.000Z,2784730781,en,,
"RT @GeoffreySupran: If @exxonmobil's gonna hijack our universities' names, we'll do the same #ExxonKnew #DivestCambridge #DivestMIT @350 ht…",2016-04-30T18:38:45.000Z,44193508,en,,
RT @GreenpeaceCA: Call for investigation as #ExxonKnew scandal spills into Canada  https://t.co/nz4bcyYvXN #cdnpoli https://t.co/DdKubdsKuD,2016-04-29T15:18:14.000Z,378602976,en,,
RT @Exxon_Knew: .@BostonGlobe tells @LamarSmithTX21 to stop “bullying on behalf of Big Oil” https://t.co/bOHojWP1eH #ExxonKnew @MassAGO @AG…,2016-09-15T19:05:49.000Z,4357790475,en,,
"RT @RL_Miller: #ExxonKnew, Exxon lied, and the planet fried. Sums up #ExxonAGM. https://t.co/TNTe5p2fMs",2016-05-25T16:50:02.000Z,61082393,en,,
RT @ClimateNexus: Read @AGSchneiderman's letter to @LamarSmithTX21 on #ExxonKnew and climate denial: https://t.co/1Awzdl8pXI,2016-07-26T21:58:45.000Z,323229439,en,,
"Amazing #ExxonKnew momentum: thx @MassAGO, U.S. Virgin Islands for stepping up! Let's tell more AGs to investigate: https://t.co/B3d3Sqa2uH",2016-03-29T21:17:56.000Z,2252608802,en,,
RT @PriceofOil: What to know about House members attacking AGs for investigating Exxon: they all took Exxon's $$. #ExxonKnew @mmfa https://…,2016-06-21T21:44:24.000Z,7.42E+17,en,,
RT @vince_clementi: Email: @theAGU to continue relationship w/ @exxonmobil --such a shame. We are in this dire climate crisis b/c of them #…,2016-04-14T23:10:15.000Z,609023194,en,,
RT @billmckibben: VT House of Rep. calls for sale of state's stock in Exxon!  1st legis. body to take the step! Kudos to @VTSierraClub @350…,2016-02-28T03:31:45.000Z,26402930,en,,
"RT @350: #ExxonKnew momentum just keeps building, now with calls to #divest CA's massive pension fund https://t.co/oJYPCVCIkN https://t.co/…",2016-03-30T21:09:09.000Z,1050163380,en,,
Tell @LamarSmithTX21 and @exxonmobil you stand with #ExxonKnew crew fighting for #climate justice https://t.co/lkdlJsHP4W,2016-07-19T02:46:21.000Z,2851000468,en,,
RT @greenpeaceusa: This guy is the worst. Anti-Science Congressman Is Fighting the SEC’s Exxon Probe: https://t.co/AP2CYlYpWo #ExxonKnew,2016-10-05T21:27:22.000Z,2405135556,en,,
Help @EnviroAction &amp; friends demand our AGs investigate @exxonmobil for what #ExxonKnew about #climatechange  https://t.co/dp5VmWTOO0,2016-05-26T05:02:40.000Z,95587413,en,,
"RT @UCSUSA: Exxon's Tillerson as sec of state shows ""Trump is creating a gov of, by, and for the oil &amp; gas industry"" https://t.co/ngg2MaGcz…",2016-12-11T02:16:35.000Z,2462083590,en,,
"RT @billmckibben: One might as well laugh, along with the anger #ExxonKnew https://t.co/tBFfTBtm5I",2016-04-14T18:59:05.000Z,40562015,en,,
RT @billmckibben: One of the regular intervals when you realize The Onion may be closer to the news than anyone else  #exxonknew https://t.…,2016-04-14T01:17:10.000Z,77264002,en,,
Ask attorneys general to investigate Exxon for hiding #climatechange science while funding denial. #ExxonKnew  https://t.co/nJbigBI6kX,2016-03-30T16:05:57.000Z,311539515,en,,
"RT @massdivest: Read it &amp; seethe: ""Putting a price on big oil's climate obstruction"" https://t.co/XNxwGF0qzD #mapoli #Exxonknew #climatecha…",2016-04-08T15:24:02.000Z,976887366,en,,
".@ExxonMobil apologists can't complete a sentence, but want us to trust them on #climate science? #exxonknew https://t.co/FyjbLUr3Pf",2016-04-05T15:06:11.000Z,634812478,en,,
RT @CarbonBubble: Investors worth $6 trillion want Exxon to explain how it avoids #strandedassets https://t.co/RV2HTIkC9F #ExxonKnew https:…,2016-04-13T20:58:52.000Z,380671824,en,,
"RT @MDempseyCO: VIDEO: WSJ's Holman Jenkins interview: #ExxonKnew is ""completely unraveling.”  https://t.co/UKl53pXJNP",2016-08-29T19:30:51.000Z,1969454683,en,,
RT @RisingTideNA: New Documents Show Oil Industry Even More Evil Than We Thought https://t.co/NBHTgZGawI  via @HuffPostGreen #ExxonKnew,2016-04-20T02:31:08.000Z,3302758070,en,,
RT @350: Exxon’s multi-decade fraud shows that it will never change its business model. Shareholders must #divest. #exxonknew https://t.co/…,2016-05-20T18:21:12.000Z,754114957,en,,
RT @billmckibben: Attorney General tells Senate that FBI is looking at #exxonknew evidence https://t.co/BqBlBNuLOv,2016-03-11T20:30:54.000Z,119580247,en,,
"Another look at Part 6 of Inside Climate News’ “Exxon: The Road Not Taken” on Big Oil’s Biggest.  #ExxonKnew
https://t.co/tDdrUbatvg",2016-02-15T19:34:51.000Z,331602067,en,,
RT @democracynow: Granddaughter of Exxon scientist confronts oil giant CEO over #ExxonKnew revelations at annual shareholder meeting: https…,2016-05-31T02:14:39.000Z,2807365255,en,,
Help @EnviroAction and @350 demand all Attorneys General indict @exxonobil for climate cover-up. #ExxonKnew https://t.co/emBMhfqf7W,2016-02-23T00:50:35.000Z,965092262,en,,
"RT @350: Thank you to Sens. Sanders, Warren and Whitehouse for standing up to Exxon's lobby in Congress: https://t.co/cmpPJugIbk #ExxonKnew",2016-05-29T17:55:35.000Z,1976624676,en,,
RT @PriceofOil: #ExxonKnew about climate change and spent millions covering it up. Demand an investigation: https://t.co/j3TJGRv6Dy https:/…,2016-05-25T17:32:26.000Z,422355017,en,,
Report brought to you by #Exxonknew funders. Please. https://t.co/6SEZv2t2qN https://t.co/O4qPOmV2w1,2016-10-26T16:53:47.000Z,785541367,en,,
"When Rex Tillerson goes to the Senate, he can expect questions about the #ExxonKnew climate science coverup: https://t.co/yEGvdRBwPs",2016-12-22T22:56:00.000Z,14266598,en,,
#ExxonKnew and Exxon lied. It's time for their day in court to come -- add your name &amp; call for an investigation: https://t.co/NlwhPrSa4D,2016-02-21T03:12:15.000Z,30882061,en,,
RT @billmckibben: Perhaps planet's most eminent earth scientist demands @theAGU cut its ties with Exxon #exxonknew https://t.co/FwM2kMi3Wj,2016-08-12T01:11:42.000Z,2452687924,en,,
"RT @350: This headline lays it down: ""Note to Exxon: Lying About Climate Change Isn’t Free Speech—It’s Fraud"" https://t.co/6IVkzgQVcA #Exxo…",2016-05-05T23:00:59.000Z,240890509,en,,
the @FBI is investigating what #ExxonKnew about #climatechange. Tell @LorettaLynch to bring @exxonmobil to justice! https://t.co/sZZpTj6agV,2016-03-28T16:50:54.000Z,2252796913,en,,
"RT @simonrlomax: Columbia law prof on #ExxonKnew: ""The fight against climate change doesn't merit the abuse of powers"" https://t.co/nvDB9sQ…",2016-08-15T13:43:45.000Z,279726380,en,,
ExxonMobil makes oil discovery offshore Nigeria - https://t.co/c1WjN5nHQG #KeepItInTheGround #ExxonKnew,2016-10-28T11:53:39.000Z,1414409118,en,,
"RT @billmckibben: Wow. Nation's attorney generals are meeting in DC tonite, and someone projected this up on the wall  #ExxonKnew https://t…",2016-02-23T12:18:13.000Z,390147741,en,,
"RT @350: If you live in the US, call for an investigation: https://t.co/mt5iMZIWgV #ExxonKnew https://t.co/KYIxRAnkKt",2016-05-10T07:53:07.000Z,4495451594,en,,
We demand @TheJusticeDept investigate @ExxonMobil climate denial corruption &amp; make them pay https://t.co/fngkKyxHZk #climate #ExxonKnew,2016-02-01T16:40:20.000Z,2192932226,en,,
RT @EnergyInDepth: .@RepPaulTonko and Prof. Tiefer trying to resurrect debunked #ExxonKnew Tobacco claims – get the facts: https://t.co/8Bg…,2016-09-14T17:08:39.000Z,516886228,en,,
"RT @greenpeaceusa: Bill McKibben: It's not just what Exxon did, it's what it's doing. #ExxonKnew https://t.co/AXBKVUQ4f7 https://t.co/2CZWF…",2016-02-21T22:09:07.000Z,1664499013,en,,
We're #CAllingOnKamala @KamalaHarris to launch an investigation into what #ExxonKnew about #climatechange https://t.co/sOBsPedtUz,2016-01-20T23:53:49.000Z,134194397,en,,
Help us spread the word and hold Exxon and their fossil fuel peers to account: https://t.co/fcIffD9dxE #ExxonKnew https://t.co/2CEURO56GV,2016-08-18T16:45:01.000Z,14266598,en,,
RT @ClimateReality: It's time to hold Big Polluters responsible https://t.co/UUZxr9VxKm #ExxonKnew https://t.co/YqBtogjnrt,2016-05-07T06:13:10.000Z,79498539,en,,
RT @CCAN: 2500 Marylanders believe #ExxonKnew the truth about climate change -- and want @BrianFrosh to investigate https://t.co/kcS1oenY3V,2016-05-25T20:33:35.000Z,238539932,en,,
RT @energyaction: HUGE: 18 state AGs launch fraud investigation into #Exxon's climate change lies: https://t.co/54kOSXCgeY #ExxonKnew https…,2016-03-31T06:53:42.000Z,7.07E+17,en,,
"RT @MarkRuffalo: Why does Putin want Trump Pres? $500 billion opportunity for Exxon, Russia in Trump cabinet pick | MSNBC #ExxonKnew  https…",2016-12-11T16:57:50.000Z,74149816,en,,
"RT @350: Something is making Exxon mighty nervous... https://t.co/3ZIT57tm9s
#ExxonKnew https://t.co/UxJwslA73u",2016-04-04T17:44:02.000Z,471533701,en,,
RT @aseifter: How much ink will media apologists spill defending Exxon/CEI before they admit what #ExxonKnew about #climatechange? https://…,2016-04-12T14:08:07.000Z,4721574708,en,,
#ExxonKnew and Exxon lied. It's time for their day in court -- call for an investigation by the US Dept. of Justice https://t.co/4jWNcToBQ7,2016-03-08T23:02:13.000Z,460661035,en,,
RT @MarkRuffalo: Oil industry knew of 'serious' climate concerns more than 45 years ago | Business | The Guardian #ExxonKnew and lied https…,2016-04-15T03:55:25.000Z,18181019,en,,
This @SenWhitehouse-led resolution marks latest public phase of #ExxonKnew battle. https://t.co/w8eNiKnAva,2016-07-11T16:02:09.000Z,460246990,en,,
Bad news for Big Oil: the US Dept. of Justice referred their #ExxonKnew case to the FBI's criminal division. https://t.co/vJdO9RHvR7,2016-03-09T13:50:03.000Z,2656794203,en,,
RT @greenpeaceusa: Why are Koch Industries &amp; Exxon pouring money into the Republican Attorneys General Association? #ExxonKnew https://t.co…,2016-08-05T00:15:19.000Z,18435929,en,,
"RT @MikeHudema: Canada arm of @exxonmobil knew of #climate threat 35 yrs ago, then denied it https://t.co/I9zRObC9Rv #ExxonKnew https://t.c…",2016-04-26T18:23:51.000Z,1491836660,en,,
"RT @YEARSofLIVING: Exxon CEO Rex Tillerson, climate archvillain, to be named secretary of state https://t.co/l2R3v64O3l via @mashable #Exxo…",2016-12-12T16:34:08.000Z,1467577190,en,,
RT @insideclimate: Very honored to receive @sejorg journalism award for Outstanding In-Depth Reporting for #ExxonKnew investigation! https:…,2016-09-08T21:14:52.000Z,384923143,en,,
"RT @wattsupwiththat: Uh, oh. Rockefellers Admit Paying For #ExxonKnew Media Coverage https://t.co/t3PHc16ef0 https://t.co/PWIkpt6Pdx",2016-03-24T22:28:20.000Z,160306237,en,,
RT @lindsaymeim14: Silver lining: Senate could put Tillerson on trial for all he knew &amp; lied about on climate change. https://t.co/uRORgeHm…,2016-12-11T09:21:55.000Z,714229026,en,,
"RT @RichardAngwin: #Trump candidate for Secretary of State, ExxonMobil CEO Rex Tillerson, wants #fracking everywhere except in his yard.

#…",2016-12-10T02:58:01.000Z,388633428,en,,
"RT @MikeHudema: Canada arm of @exxonmobil knew of #climate threat 35 yrs ago, then denied it https://t.co/I9zRObC9Rv #ExxonKnew https://t.c…",2016-04-26T18:53:06.000Z,79062928,en,,
Tell @LamarSmithTX21 and @exxonmobil you stand with #ExxonKnew crew fighting for #climate justice https://t.co/Ayk0XkoJT7,2016-07-19T21:47:29.000Z,7477282,en,,
"Tell @theAGU, the biggest org of Earth scientists, to stop taking Exxon's $. https://t.co/uRgD2MdmZ3 #StandWithScientists #ExxonKnew",2016-10-06T14:56:06.000Z,88455292,en,,
#ExxonKnew and Exxon lied. It's time for their day in court to come -- add your name &amp; call for an investigation: https://t.co/lRJEI2xkPL,2016-02-20T22:47:22.000Z,357071450,en,,
"Les massifs corallliens morts constituent  une scène de crime #ExxonKnew https://t.co/bz9HggxODq
a-tue-les-recifs/ #mer #Océan #Bloom",2016-08-23T11:54:46.000Z,2829584192,fr,,
RT @Exxon_Knew: Stop saying #Tillerson is good on climate. He leads the oil company WORST on climate #ExxonKnew via @jacobwe https://t.co/P…,2016-12-23T19:05:15.000Z,7.09E+17,en,,
RT @Exxon_Knew: We fixed 22 THINGS in @exxonmobil's latest post about investigations into their #climatechange denial https://t.co/EVHzBFLO…,2016-10-23T13:34:44.000Z,35336511,en,,
A chance to thank @CalAGHarris for standing up for #science: https://t.co/BjOi4cJFWQ #exxonknew,2016-01-31T22:59:51.000Z,44193508,en,,
RT @AKRisingTide: The banner coming down to protest 3 decades of @exxonmobil's #Iditarod sponsorship. &amp; its climate denial. #exxonknew http…,2016-03-06T15:17:39.000Z,15447275,en,,
"RT @MarkRuffalo: Why does Putin want Trump Pres? $500 billion opportunity for Exxon, Russia in Trump cabinet pick | MSNBC #ExxonKnew  https…",2016-12-11T02:45:53.000Z,174978040,en,,
"RT @350: Right from the belly of the Exxon-beast: ""There is no doubt"" CO2 pollution = a global threat (1978-79) https://t.co/GjX2qmYfCT #Ex…",2016-04-27T20:10:57.000Z,403302455,en,,
RT @billmckibben: Wow! Pls share this superb essay from the heir of an Exxon founder on why he's selling his stock. #exxonknew https://t.co…,2016-03-16T16:10:20.000Z,239126334,en,,
RT @TimBrellow: Support AGs under attack for investigating Exxon's deception on #climatechange #Exxonknew https://t.co/nEHnjBwySa,2016-06-23T16:37:06.000Z,2866639611,en,,
"RT @DeSmogBlog: State Investigations Into What #ExxonKnew Double, and Exxon Gets Defensive: https://t.co/BhBmbJZieN https://t.co/1soECmCV5J",2016-04-04T14:50:59.000Z,961562418,en,,
RT @AliceRothchild: #ExxonKnew and Exxon lied. It's time for their day in court to come -- add your name &amp; call for an investigation: https…,2016-02-21T20:18:52.000Z,32191750,en,,
"The world's coral reefs didn't just die, they were killed #ExxonKnew https://t.co/qKoMNuCsRI",2016-08-21T07:14:13.000Z,3303186334,en,,
"RT @ClimateReality: #ExxonKnew, but it's trying to bury climate documents by claiming First Amendment rights https://t.co/B9szPCdWku https:…",2016-04-28T15:02:49.000Z,3320700031,en,,
"RT @Greenpeace: .@Exxonmobil just had a no good, very bad week. Here’s why: https://t.co/YMkk3GNT67 #exxonknew #climatechange https://t.co/…",2016-03-31T08:43:06.000Z,546809200,en,,
"RT @350action: Instead of doing Exxon's bidding, the House science subcommittee should be funding climate solutions. #ExxonKnew
https://t.c…",2016-08-09T03:22:05.000Z,3395467311,en,,
"RT @EcoWatch: #Rockefeller Fund #Divests From Fossil Fuels, Slams #Exxon https://t.co/AgPbwAli1u #ExxonKnew @greenpeaceusa @RAN https://t.c…",2016-03-24T15:03:58.000Z,35390084,en,,
RT @dgendvil: Sign the petition: Tell State Attorneys General to Investigate #ExxonKnew https://t.co/t6edP2JOV6 via @ClimateHawkVote,2016-04-22T21:38:29.000Z,2395478365,en,,
RT @EnergyInDepth: Here are 10 things activists tried to keep hidden as part of their coordinated attacks on @exxonmobil #ExxonKnew https:/…,2016-05-24T23:12:00.000Z,156772034,en,,
RT @350: BREAKING: Exxon is now under SEC investigation for climate change and accounting practices. #ExxonKnew https://t.co/61aXs8TY18,2016-09-22T23:19:12.000Z,749780874,en,,
It's hard to read the latest issue of @AGU_Eos knowing @theAGU will keep taking @exxonmobil money. The hypocrisy is troubling #ExxonKnew,2016-04-17T15:44:43.000Z,246027515,en,,
.@CLF filed suit against Exxon for polluting Boston's Mystic River &amp;  failing to prep for impacts of #climatechange. #ExxonKnew #NowWeSue,2016-09-30T16:21:03.000Z,37306582,en,,
RT @commondreams: New Report Details #BigOil's $500 Million Annual #Climate Obstructionism https://t.co/9CtQSGdH9c #ExxonKnew,2016-04-08T00:05:06.000Z,366374544,en,,
@ClimateCentral And #ExxonKnew this was coming. No doubt other fossil fuel Corps. knew too. #CrimesAgainstHumanity &amp; planet,2016-11-26T00:08:17.000Z,465829056,en,,
".@Reuters reports ""previously unknown level of coordination"" between enviro activists &amp; Dem AGs pushing #ExxonKnew https://t.co/GppfOUV6fn",2016-04-15T23:33:13.000Z,160306237,en,,
RT @MikeHudema: Exxon spends $27 million/year to block #climate action. New report: https://t.co/piQSNnDvSF #ExxonKnew #ActOnClimate https:…,2016-04-08T13:13:59.000Z,1904451175,en,,
RT @350Europe: Protesters target BP annual meeting.  #BPknew #exxonknew #theyallknew https://t.co/r4kz7itYH3,2016-04-14T15:09:35.000Z,132964988,en,,
"RT @greenpeaceusa: Someone tell Rep. Lamar Smith: hiding info from the public is not part of Exxon’s 1st Amendment rights. #ExxonKnew
 http…",2016-08-05T14:10:41.000Z,30588028,en,,
I just told @ExxonMobil to face reality and act responsibly on global warming. Now it's your turn: https://t.co/IK17AApGy1 #ExxonKnew,2016-06-29T18:47:31.000Z,75726223,en,,
"RT @350: Bye, Exxon!

HUGE. Rockefeller fund will eliminate all holdings, 'cause #ExxonKnew: https://t.co/5AhAmc4Biq https://t.co/dH4omcqeaC",2016-03-23T19:09:51.000Z,548388698,en,,
That is a wild load of BS and we've got the methane emissions to show for it. #ExxonKnew  https://t.co/fWhKZmLMNU,2016-03-11T23:06:12.000Z,14588121,en,,
Exxon: An inconvenient truth - #Exxonknew #climatechange https://t.co/r397jfmjFv,2016-05-27T19:51:11.000Z,518670571,en,,
"RT @fightdenial: #ExxonKnew &amp; they are trying to hide the evidence

Exxon Sues Massachusetts AG to Block Climate Fraud Investigation https:…",2016-06-16T23:38:21.000Z,75426887,en,,
"RT @fightdenial: No @exxonmobil, we didn't think you just made the gas. We know you also manufacture lies &amp; misinformation about #climatech…",2016-09-23T19:37:04.000Z,7.03E+17,en,,
"RT @CECHR_UoD: Oil industry knew of 'serious' climate concerns more than 45 years ago
https://t.co/MA9oKxDVXH #ExxonKnew https://t.co/76CKT…",2016-04-13T19:17:01.000Z,2903614908,en,,
RT @EnergyInDepth: .@washingtonpost: AGs shouldn’t criminalize “criticism of the claims that scientists make” https://t.co/HjmcGVErOA #Exxo…,2016-09-11T21:57:41.000Z,156772034,en,,
"RT @johnupton: ""Unprecedented coalition"" of law enforcement to aggressively protect against climate change, probe what #ExxonKnew. https://…",2016-03-29T16:48:24.000Z,1267854524,en,,
"Tell @LamarSmithTX21 @HouseScience: #ExxonKnew and we won't back down. https://t.co/Vt7Tj6Gyaa
#CorporateFascism #Corruption #Ecocide #Crime",2016-07-19T11:52:15.000Z,91631007,en,,
RT @Exxon_Knew: .@realDonaldTrump can expect a Senate fight if he actually goes through with the Tillerson nomination. #ExxonKnew https://t…,2016-12-13T14:01:14.000Z,60326433,en,,
RT @MarkRuffalo: The Climate Deception Dossiers: Internal Fossil Fuel Industry Memos Reveal Decades of Disinformation #ExxonKnew  https://t…,2016-03-30T23:12:06.000Z,2981133503,en,,
RT @ICCRonline: @DwightHallYale students @CeresNews @UCSUSA at today's #ExxonAGM #ExxonKnew https://t.co/aScWnLe9Rl,2016-05-30T11:52:46.000Z,129568709,en,,
RT @MeanwhileinCana: #ClimateChange denying fraudsters will be held accountable for fraud/misinformation. About time! https://t.co/mKoMSagc…,2016-03-31T18:01:26.000Z,3697039392,en,,
"RT @mateosfo: Man, the fossil fuel industry REALLY hates when government consults with climate change experts. Understandably so, I suppose…",2016-04-16T01:25:50.000Z,66392766,en,,
"RT @EcoWatch: #Exxon Not Alone, American Petroleum Institute Knew Too https://t.co/XXWqdgbjxn #ExxonKnew @ClimateNexus @greenpeace https://…",2016-02-08T20:33:37.000Z,3136060350,en,,
"RT @Exxon_Knew: ""ExxonMobil has a long history of peddling misinformation on climate change."" @elizkolbert in @NewYorker #ExxonKnew https:/…",2016-12-17T17:04:15.000Z,23637138,en,,
RT @kmaxx350: @350pacific - @exxonmobil said coal/oil/gas will provide 80% of energy through till 2040. That logic sinks our atolls #ExxonK…,2016-08-22T01:21:39.000Z,7.39E+17,en,,
RT @AndreaLeon: #Exxon and #Shell Double Down to Defeat #ClimateChange Legislation https://t.co/CbpwWKNKBm via @ecowatch #ExxonKnew,2016-04-09T00:03:20.000Z,2435983567,en,,
RT @MarkRuffalo: CO2's Role in Global Warming Has Been on the Oil Industry's Radar Since the 1960s | InsideClimate News...#ExxonKnew  https…,2016-04-14T10:25:37.000Z,556822792,en,,
"RT @350: Actually, it was Big Oil that taught Big Tobacco the tricks of the trade: https://t.co/hsCRKcVCJc #ExxonKnew https://t.co/lgMMrMiC…",2016-07-24T11:17:31.000Z,24200257,en,,
"RT @350: When Rex Tillerson goes to the Senate, he can expect questions about the #ExxonKnew climate science coverup: https://t.co/yEGvdRBw…",2016-12-23T00:16:09.000Z,10683552,en,,
RT @ClimateReality: Big Oil took its playbook from Big Tobacco. It’s time to hold companies that mislead us accountable #ExxonKnew https://…,2016-04-16T15:09:47.000Z,2889826469,en,,
RT @sierraclub: #ExxonKnew about the dangers of #climatechange for decades and is responsible for one of the costliest environmental disast…,2016-12-14T18:11:46.000Z,270651542,en,,
Tell 13 bullying AGs to stop interfering with investigations into #Exxon climate fraud: https://t.co/7qg8RgM7Zb #ExxonKnew,2016-07-01T15:30:10.000Z,465158654,en,,
"#ExxonKnew wins @whca Poe Award, which honors excellence in coverage of nationally significant subjects written ""w/fairness &amp; objectivity""",2016-04-24T18:00:32.000Z,14050550,en,,
In 1979 #Exxon measured how fast #oceans absorb #carbonemission; #ExxonKnew https://t.co/JyPAu8wQ9U,2016-09-03T19:51:33.000Z,3670909694,en,,
"RT @Exxon_Knew: ""ExxonMobil has a long history of peddling misinformation on climate change."" @elizkolbert in @NewYorker #ExxonKnew https:/…",2016-12-19T02:16:29.000Z,1431570356,en,,
Tell @SpeakerRyan to stop the subpoenas from @LamarSmithTX21 that thwart #ExxonKnew investigations: https://t.co/2LWvxd87Hg,2016-08-04T18:10:34.000Z,524622393,en,,
Help @EnviroAction &amp; friends demand our AGs investigate @exxonmobil for what #ExxonKnew about #climatechange  https://t.co/EokAw9b98A,2016-05-25T22:31:48.000Z,561440782,en,,
"RT @350: You know what's a great way to ""drain the swamp""? Appoint someone whose business plan puts DC underwater as Secretary of State. #E…",2016-12-02T21:54:12.000Z,1618601809,en,,
RT @ClimateNexus: Philippines investigates Shell and Exxon over #climate change https://t.co/HdqL3rG3zV #ExxonKnew via @guardian https://t.…,2016-05-09T20:15:50.000Z,16548855,en,,
RT @350: Reminder: Exxon is subpoenaing us because we dared say #exxonknew. Now we're going to get louder. Help out here: https://t.co/xMmg…,2016-12-10T20:11:59.000Z,1281581,en,,
RT @RobinHoodTax: .@ExxonMobil: New Disclosures Show Oil Giant Still Funding Climate Science Denial Groupshttp://goo.gl/LrWbyN #ExxonKnew #…,2016-07-11T01:40:20.000Z,863420472,en,,
RT @Harold_Steves: Just like tobacco companies that denied smoking causes cancer #ExxonKnew they were a major cause of human #ClimateChange…,2016-12-06T14:14:04.000Z,1182864492,en,,
RT @Exxon_Knew: Stop saying #Tillerson is good on climate. He leads the oil company WORST on climate #ExxonKnew via @jacobwe https://t.co/P…,2016-12-25T14:12:08.000Z,196955443,en,,
Help us say THANKS to @CalAGHarris for opening an investigation into what #ExxonKnew https://t.co/Np1n7tUhX4,2016-01-22T22:22:50.000Z,16304004,en,,
"RT @lindsaymeim14: Coral reef die-off, brought to you by Exxon. #ExxonKnew #ExxonKilledTheReef https://t.co/ebioGWulx1",2016-08-17T18:10:29.000Z,449062798,en,,
RT @insideclimate: Mass AG calls on Rex Tillerson to 'come clean' about what #ExxonKnew about climate change https://t.co/RFeCkIfdWB via @T…,2016-12-15T12:18:51.000Z,7.92E+17,en,,
RT @350: Attacks on democracy and free speech are vital to protect Exxon's profits. They know the world has turned against them. #exxonknew,2016-12-13T14:19:35.000Z,20428658,en,,
RT @likeagirlinc: Why are Koch Industries &amp; Exxon pouring money into the Republican Attorneys General Association? #ExxonKnew https://t.co/…,2016-08-15T14:40:22.000Z,295992775,en,,
"Exxon Series Honored With Scripps Howard Award for Outstanding Enviro Journalism | InsideClimate News
#exxonknew https://t.co/3ec904VZ0Q",2016-03-10T18:04:59.000Z,271454894,en,,
"RT @climatebrad: Thanks to the petroleum industry, @LastWeekTonight is Can't Unsee TV. https://t.co/K6tL7Xy9FF #ExxonKnew @API_News https:/…",2016-08-16T05:10:33.000Z,171884159,en,,
RT @350: People are staging protests on the ‘crime scene’ of the world’s affected reefs: https://t.co/qq1UWy7DGc  #ExxonKnew https://t.co/y…,2016-08-18T12:23:34.000Z,81997903,en,,
RT @MikeHudema: Exxon bet big on the #tarsands—but the odds might be turning against it. https://t.co/ukdyGBzLaj #ActOnClimate #exxonknew #…,2016-10-02T15:50:31.000Z,2529226372,en,,
RT @rosariodawson: “How far is the hand of the fossil fuel industry into the glove of this committee?” --- #ExxonKnew #BrandNewCongress htt…,2016-09-15T02:53:24.000Z,3389897593,en,,
"RT @kali0x2a: [thread]

this thread is all about $XOM #XOM #exxon #exxonmobil 's crimes against #science, #climate &amp; #humanity.

#exxonknew…",2016-12-27T10:54:36.000Z,3947254737,en,,
RT @Exxon_Knew: Ready for Rex to lie under oath? We already know that #ExxonKnew about climate change in the 1970s. https://t.co/lYIlJWX8Qn…,2016-12-23T20:40:55.000Z,537837123,en,,
RT @MDempseyDC: WSJ Editorial: The Climate Police Crack-Up https://t.co/YMlglyHLTE #ExxonKnew,2016-07-08T12:21:58.000Z,1059359743,en,,
RT @350: Reminder: Exxon is subpoenaing us because we dared say #exxonknew. Now we're going to get louder. Help out here: https://t.co/xMmg…,2016-12-10T20:49:00.000Z,15294551,en,,
RT @MoveOn: Kids take US gov 2 court 4 failing 2 protect rights from #climatechange https://t.co/npQyP46TUh #KidsvGov #ExxonKnew https://t.…,2016-09-13T15:58:00.000Z,825684601,en,,
RT @Agent350: Big Oil taught Big Tobacco who reminded Big Oil how to lie to the American people: https://t.co/YivLsLDMbh #ExxonKnew,2016-07-25T14:28:56.000Z,28580261,en,,
RT @ClimateTruthOrg: Tell @theAGU to drop Exxon sponsorship: https://t.co/gG4QXnHJh3 #StandWithScientists #exxonknew https://t.co/uIU12nUC7f,2016-08-12T00:54:19.000Z,76848978,en,,
"RT @RichBrooks350: Exxon going down: profit collapses, stock drops, #climate change denial continues #ExxonKnew https://t.co/lwbNY0tLzM htt…",2016-07-29T19:19:28.000Z,1723563360,en,,
RT @mayboeve: .@exxonmobil knew about climate change and misled us. Imagine if they had acted upon that information. #ExxonKnew https://t.c…,2016-09-14T13:27:05.000Z,33211889,en,,
"Tell @theAGU, the biggest org of Earth scientists, to stop taking Exxon's $. https://t.co/2Kycbbitx9 #StandWithScientists #ExxonKnew",2016-09-08T20:14:21.000Z,172372400,en,,
RT @greenpeaceusa: Wow! 17 state attorney generals just joined together to condemn climate fraud—&amp; two will investigate what #exxonknew htt…,2016-03-29T21:25:45.000Z,497563443,en,,
".@Exxonmobil privately planned for #climatechange, publically denied it #Exxonknew https://t.co/OqLXpIkXyn https://t.co/pGtPv3gGu3",2016-02-22T01:08:03.000Z,787598970,en,,
Urgent: @theAGU decided to keep accepting Exxon's $$. #StandWithScientists &amp; tell them to stop: https://t.co/V8YOVnLr6q #ExxonKnew,2016-09-26T20:25:04.000Z,16188088,en,,
"@ProgMid yes! I count 8 AGs, that means 42 others need to hear from their constituents spread the word #ActOnClimate #ExxonKnew",2016-03-29T15:18:12.000Z,2986102107,en,,
RT @billmckibben: Strong call from Seattle's former mayor for WA @GovInslee to divest from Exxon and #keepitintheground #exxonknew https://…,2016-03-11T19:59:31.000Z,2973842578,en,,
RT @Exxon_Knew: Stop saying #Tillerson is good on climate. He leads the oil company WORST on climate #ExxonKnew via @jacobwe https://t.co/P…,2016-12-24T09:26:29.000Z,468732172,en,,
Great piece by @BillMcKibben: The @AGSchneiderman’s noble fight vs. #Exxon https://t.co/DNYR71wUc7 #ExxonKnew,2016-06-22T17:10:19.000Z,113393037,en,,
.@ExxonMobil covered up the truth about climate change. Demand they be investigated. #ExxonKnew #CorporateScum https://t.co/LVUb4M4Qax,2016-08-02T00:24:14.000Z,16314018,en,,
Lamar Smith (R-TX) claims #ExxonKnew investigation chills climate research. #notTheOnion https://t.co/iX23162Fys,2016-10-03T17:22:20.000Z,4959551,en,,
"RT @MarkRuffalo: Why does Putin want Trump Pres? $500 billion opportunity for Exxon, Russia in Trump cabinet pick | MSNBC #ExxonKnew  https…",2016-12-11T02:00:02.000Z,2371787618,en,,
"RT @lluisahicart: Rockefeller Family Fund hits Exxon, divests from fossil fuels https://t.co/xCemWDrN9m via @Reuters #exxonknew https://t.c…",2016-03-25T09:54:39.000Z,2723765580,en,,
"RT @MarkRuffalo: Why does Putin want Trump Pres? $500 billion opportunity for Exxon, Russia in Trump cabinet pick | MSNBC #ExxonKnew  https…",2016-12-11T00:52:16.000Z,35455456,en,,
"RT @insideclimate: Robert Post, the dean and a professor of law at Yale, weighs in on the #ExxonKnew investigations:  https://t.co/Au29Q9N8…",2016-07-03T15:49:58.000Z,406723394,en,,
"RT @MarkRuffalo: Methane or ""natural gas"" is 70x more damaging a greenhouse gas than CO2. You guys aren't helping. #ExxonKnew @SuzanneMcCar…",2016-05-27T15:35:44.000Z,7.36E+17,en,,
RT @climatehawk1: #Climate warnings being masked by propaganda https://t.co/4icIh0XmDZ #globalwarming #ActOnClimate #divest #ExxonKnew http…,2016-10-02T22:06:28.000Z,1959639955,en,,
"RT @MarkRuffalo: Why does Putin want Trump Pres? $500 billion opportunity for Exxon, Russia in Trump cabinet pick | MSNBC #ExxonKnew  https…",2016-12-11T14:57:05.000Z,3018482470,en,,
More Than 100 Scientists Ask Leading Science Association To Cut Ties With Exxon https://t.co/ECjynAtrPV via @climateprogress #ExxonKnew,2016-02-22T23:32:40.000Z,913268240,en,,
RT @Greenpeace: Did @Exxonmobil lie about #climatechange? #exxonknew https://t.co/872JjJCWxm https://t.co/D6llvLOKtc,2016-07-13T01:49:07.000Z,4721574708,en,,
.@ExxonMobil covered up the truth about climate change. Demand they be investigated. #ExxonKnew #CorporateScum https://t.co/SGfOivCkLT,2016-08-02T04:02:56.000Z,3460872133,en,,
"RT @climatetruth: .@SenWhitehouse @RepTedLieu As you support #ExxonKnew, please #StandWithScientists and call on @theAGU to drop Exxon, too…",2016-09-14T16:26:39.000Z,1543599721,en,,
Stanford is making up for decades of backing the fossil fools by doing good in the world. #gostanford #endfossilfuels #exxonknew https://t.co/mg9FAkpE5w,2016-11-02T20:05:05.000Z,19847263,en,,
Take Action: Shut down @HouseScience attack on @ExxonMobil critics: https://t.co/31SsaQXDkn #ExxonKnew,2016-06-06T21:08:32.000Z,14553154,en,,
RT @Agent350: Awesome! @Waterkeeper is pushing to get EPA to end all contracts with ExxonMobil over their climate lies: https://t.co/Dq1iNy…,2016-12-14T23:12:54.000Z,7.37E+17,en,,
"RT @greenpeaceusa: If Exxon's punished for climate change, it'll be for lying to investors. https://t.co/3bddR5IvMm #ExxonKnew @WIRED https…",2016-01-28T03:20:29.000Z,44959505,en,,
Exxon is trying to intimidate us. They won't succeed. We are standing together to hold them accountable. https://t.co/sQ6xaORbbx #ExxonKnew,2016-05-25T20:57:16.000Z,3116145937,en,,
And when did @exxonmobil decide to inform the rest of us? #ExxonKnew and willfully helped it happen.  https://t.co/z1fU2XPJ2N,2016-02-28T16:54:36.000Z,47285504,en,,
RT @350: One more massive problem for Exxon and its fossil fuel industry peers: https://t.co/YJP2KnnrKP #ExxonKnew #divest https://t.co/mro…,2016-08-31T14:37:37.000Z,14799078,en,,
RT @billmckibben: Commuters on Seattle's Aurora Ave saw a pretty great sign today. #ExxonKnew https://t.co/AZMfhJMbgS,2016-02-25T19:28:28.000Z,1362140959,en,,
"Tell @LamarSmithTX21, @HouseScience: #ExxonKnew and we won't back down. https://t.co/fb0woj7dy4",2016-07-14T20:01:48.000Z,41435211,en,,
RT @Exxon_Knew: Stop saying #Tillerson is good on climate. He leads the oil company WORST on climate #ExxonKnew via @jacobwe https://t.co/P…,2016-12-29T07:18:40.000Z,28106120,en,,
"Exxon is playing Big Tobacco's denial game, it's time for it to end. Tell Exxon to leave ALEC: https://t.co/WEJB6bh9yQ #ExxonKnew",2016-05-24T19:19:41.000Z,138233501,en,,
"RT @350: Wow, this is bad news for Big Oil: the US Justice Dept. just referred their #ExxonKnew case to the FBI. https://t.co/Qi3sPqndvs",2016-03-06T07:38:40.000Z,2192989297,en,,
#ExxonKnew About Climate Change and ExxonKnows How to Use Trade Deals to Get Its Way https://t.co/AqQMdI0V0c,2016-06-03T18:09:35.000Z,17594026,en,,
"RT @ClimateTruthOrg: Yes, this is real: right-wing orgs paying cameramen to stalk &amp; film climate activists like @billmckibben https://t.co/…",2016-08-08T23:54:13.000Z,2249853247,en,,
Urgent: #StandWithScientists &amp; call on @theAGU to drop Exxon sponsorship at next week's board meeting. https://t.co/oMIieesZcW #ExxonKnew,2016-09-08T14:39:56.000Z,196156089,en,,
RT @DeSmogBlog: ExxonMobil: New Disclosures Show Oil Giant Still Funding Climate Science Denial Groups https://t.co/P6aGRSqhWi #ExxonKnew #…,2016-08-15T15:41:12.000Z,7.04E+17,en,,
"#Exxonknew. Was that Shell's Game, too? https://t.co/ohlOtz39mi https://t.co/035QS1kiDG",2016-02-19T14:56:03.000Z,129924486,en,,
Let's #StandWithScientists! Tell @theAGU to stop accepting funding from @exxonmobil. Sign up: https://t.co/ebbp22yBjt #exxonknew,2016-08-11T21:20:25.000Z,2320832983,en,,
"RT @StopCorpAbuse: In unprecedented move, @HouseScience interferes in #Exxon investigation. We stand with AGs! via @BuzzFeed https://t.co/t…",2016-07-16T20:51:12.000Z,2663383536,en,,
"As Climate Activists Rally in New Hampshire, Questions Swirl Over Conspiracy Against Exxon https://t.co/kgcbqKqdGw #ExxonKnew",2016-04-22T02:11:31.000Z,1059359743,en,,
RT @greenpeaceusa: Here is our repulsed response to Trump's pick of #Exxon CEO Rex Tillerson as Secretary of State #ExxonKnew https://t.co/…,2016-12-11T17:20:35.000Z,1520765270,en,,
"The world's coral reefs didn't just die, they were killed #ExxonKnew https://t.co/CD7Qq6GmqN",2016-08-22T18:26:08.000Z,49630366,en,,
RT @ClimateReality: Big Tobacco said cigarettes aren’t bad for people. Big Oil says fossil fuels aren’t bad for the planet #ExxonKnew https…,2016-04-16T19:10:29.000Z,550772648,en,,
RT @Greenpeace: US state attorneys general just joined together to condemn climate fraud https://t.co/GIopuWELhg  #exxonknew https://t.co/J…,2016-03-30T14:50:10.000Z,562243642,en,,
"RT @350: Bye, Exxon!

HUGE. Rockefeller fund will eliminate all holdings, 'cause #ExxonKnew: https://t.co/5AhAmc4Biq https://t.co/dH4omcqeaC",2016-03-24T08:53:55.000Z,536591936,en,,
"RT @350: Actually, it was Big Oil that taught Big Tobacco the tricks of the trade: https://t.co/hsCRKcVCJc #ExxonKnew https://t.co/lgMMrMiC…",2016-07-24T09:15:22.000Z,4462941800,en,,
"RT @350: Spoiler: Yes, they lied -- big time. And it could be the worst case of fraud in history. #ExxonKnew https://t.co/a4lxKzqHCD",2016-07-01T08:47:11.000Z,4494231913,en,,
Exxon is trying to intimidate us. They won't succeed. We are standing together to hold them accountable. https://t.co/MxuPDAl1OE #ExxonKnew,2016-05-27T02:13:06.000Z,221963122,en,,
See how the Rockefeller-funded #ExxonKnew echo chamber operates https://t.co/RMezgJj2zW https://t.co/ITv6bge7XO,2016-10-30T19:06:01.000Z,356478638,en,,
RT @AllanMargolin: ExxonMobil Shareholders Want More Transparency On #ClimateChange https://t.co/kXb8q9FGsT via @reuters @neelaeast #ExxonK…,2016-01-20T04:35:02.000Z,2516013102,en,,
Tell @SpeakerRyan: Stop @HouseScience attack on @ExxonMobil critics: https://t.co/TB2xqjKqfu #ExxonKnew,2016-05-29T17:02:07.000Z,18235313,en,,
"RT @350action: We need a president who will stand up to Big Oil and hold climate deniers accountable. #exxonknew 
https://t.co/RYChNqRRxp",2016-01-09T22:58:50.000Z,542400979,en,,
The latest news in mobile tech today. https://t.co/fcQ5zeKEs4 Thanks to @bobmac @mabcarlson #exxonknew #vividvr,2016-07-27T18:04:36.000Z,18030962,en,,
Tell Republican attorneys general to stop interfering with states investigating Exxon: https://t.co/4ur1GB996z #exxonknew,2016-06-21T23:24:30.000Z,253742253,en,,
RT @urgenda: Onderzoek naar milieumisleiding #Exxon groter (via @NUnl) #ExxonKnew  https://t.co/kmQp2QoPn2,2016-03-30T07:35:01.000Z,2507583595,nl,,
"RT @AnnieMLeonard: Today's must read: ""Big Oil’s master class in rigging the system""  https://t.co/etxOHlfO5L  #ExxonKnew #Keepitintheground",2016-08-13T15:37:38.000Z,620217524,en,,
"RT @cleantechfacts: Donald Trump sets up epic Senate hearings on Russian influence, #climatechange with Rex Tillerson pick #exxonknew https…",2016-12-13T11:26:00.000Z,2507917171,en,,
.@LKrauss1 hits the nail on the head about @LamarSmithTX21’s vague &amp; ironic subpoenas. #ExxonKnew https://t.co/oW3wRau5lI,2016-09-15T20:48:08.000Z,2761677983,en,,
RT @350: This Congressman is trying to subpoena us. @LamarSmithTX21: #ExxonKnew--we won't back down. https://t.co/N2BP4jZglB https://t.co/w…,2016-07-13T15:44:09.000Z,132931278,en,,
"Tom Steyer Changes His Tune, Runs for the Exits on #ExxonKnew https://t.co/QOOE34ryDc via @energyindepth",2016-09-28T13:05:43.000Z,7.50E+17,en,,
RT @ClimateTruthOrg: Disgusted by Exxon-funded GOP reps on @HouseScience? Sign on &amp; stand with Senators fighting #WebOfDenial. #ExxonKnew h…,2016-08-11T18:06:15.000Z,102785642,en,,
"RT @MarkRuffalo: Why does Putin want Trump Pres? $500 billion opportunity for Exxon, Russia in Trump cabinet pick | MSNBC #ExxonKnew  https…",2016-12-28T21:29:38.000Z,944414718,en,,
"RT @AssaadRazzouk: Landmark #HumanRights Case Against 47 Of World’s Biggest Oil &amp; Gas Firms Pushes On

https://t.co/EQ54R8fx3k #climate #la…",2016-12-15T01:37:31.000Z,206457337,en,,
"RT @JasonLouMiller: .@LamarSmithTX21 has received a total of $675,597 from the fossil fuel industry--his biggest industry contributor. h/t…",2016-09-14T21:38:29.000Z,2815487433,en,,
RT @MDempseyCO: Amazing @latimesopinion fails to disclose paper's financial ties to #ExxonKnew campaign. https://t.co/8VQ9f4bY3C https://t.…,2016-08-05T03:52:05.000Z,18684946,en,,
"RT @ClimateReality: When a company lies to us, we hold it responsible — period. It’s time to hold Big Polluters responsible #ExxonKnew http…",2016-04-15T03:55:12.000Z,500337135,en,,
#ExxonKnew Constitution as rationale for Climate denial.  Exxon's Free Speech movement. https://t.co/lTdJ5wOufi,2016-04-25T19:42:46.000Z,129924486,en,,
RT @MarkRuffalo: The Climate Deception Dossiers: Internal Fossil Fuel Industry Memos Reveal Decades of Disinformation #ExxonKnew  https://t…,2016-03-30T22:44:40.000Z,4401843373,en,,
RT @ClimateTruthOrg: Science group @theAGU will have another chance to stop accepting Exxon $ in September. https://t.co/q87w5fQ4PV #ExxonK…,2016-07-14T20:13:38.000Z,88610909,en,,
"We won't be silenced by Exxon and their allies in Congress -- #ExxonKnew, and we won't back down. https://t.co/pppxcLCXKm",2016-05-26T12:32:08.000Z,84413113,en,,
"RT @ClimateReality: When a company lies to us, we hold it responsible — period. It’s time to hold Big Polluters responsible #ExxonKnew http…",2016-05-17T02:23:53.000Z,2874265362,en,,
"RT @johnupton: Here @insideclimate, which revealed what #ExxonKnew on climate change, calls bullshit on optimism about Tillerson. https://t…",2016-12-23T14:51:37.000Z,4188173909,en,,
"RT @billmckibben: Next shoe drops in #exxonknew scandal--they calculated sea level rise into their new facilities, while denying it https:/…",2016-01-02T02:35:23.000Z,1609651698,en,,
.@WestVirginiaAG to @HoppyKercheval: #ExxonKnew is about ‘silencing critics’ https://t.co/GSJbbIHedx,2016-04-05T19:35:06.000Z,31413260,en,,
"RT @ajplus: Like big tobacco, #ExxonKnew about the dangers of its product but blocked action to protect its bottom line. https://t.co/IYd3P…",2016-04-15T21:02:28.000Z,29674668,en,,
RT @pwarburg: My analysis of the #ExxonKnew shareholder resolutions to be voted on at its annual meeting in Dallas today. https://t.co/hP33…,2016-05-25T17:52:03.000Z,852281209,en,,
"RT @greenpeaceusa: While the planet warmed, @exxonmobil spent millions to fund climate denial. https://t.co/5tLQYAK5IY #EnergyLivesHere #Ex…",2016-08-14T22:57:18.000Z,1353045000,en,,
“There is no doubt”: #ExxonKnew CO2 #Pollution Was A Global Threat By Late 1970s: https://t.co/W4xejm8Qzw @350 https://t.co/sAs4JIfd2o #news,2016-05-02T16:20:04.000Z,118177842,en,,
RT @AllanMargolin: #ExxonKnew - PAINFUL BLOCKAGE: Exxon moves to block #climate probes inNY &amp; MASS https://t.co/1nlOR72jqU via @thehill @dw…,2016-10-18T06:01:39.000Z,823949869,en,,
#ExxonKnew and Exxon lied. It's time for their day in court -- call for an investigation by the US Dept. of Justice https://t.co/bDmfpifoOz,2016-03-09T13:48:42.000Z,4429161034,en,,
RT @ClimateReality: Big Tobacco said cigarettes aren’t bad for people. Big Oil says fossil fuels aren’t bad for the planet #ExxonKnew https…,2016-05-19T01:13:16.000Z,3238380674,en,,
"Dean of @YaleLawSch schools WaPo about #ExxonKnew, #climate &amp; the 1st Amendment: https://t.co/K0yoBpZIFU https://t.co/ubNaVHig6Z",2016-06-28T22:00:45.000Z,51111741,en,,
RT @BiologistDan: Thank you @POTUS #OBAMA for making oil drilling in the #Arctic illegal. Any chance you can talk #ExxonKnew or #Putin into…,2016-12-21T20:25:13.000Z,7.93E+17,en,,
"ICYMI: The Rockefellers are actively challenging Exxon. (Yes, those Rockefellers.) #ExxonKnew https://t.co/mQGHDmTYAx https://t.co/CPK5YSRS3S",2016-12-10T14:40:00.000Z,858718512,en,,
PETITION: Hold ExxonMobil Accountable for Climate Change Cover-Up https://t.co/c6Q3GSJ9Nh #ExxonKnew,2016-08-09T01:34:19.000Z,475805757,en,,
SIGN to tell @SpeakerRyan: @LamarSmithTX21 &amp; @HouseScience should not help hide what #ExxonKnew: https://t.co/qlNWjEsrjI,2016-08-05T04:56:37.000Z,3307152606,en,,
RT @climatebrad: Watch the @CAPAction @acslaw #ExxonKnew event live now: https://t.co/xmRmqZT06b,2016-11-30T17:15:36.000Z,15554922,en,,
"@thinkprogress But, then #ExxonKnew that 40 years ago https://t.co/6h3RCKBaNT",2016-10-19T18:06:41.000Z,129924486,en,,
RT @billmckibben: Wow! Great banner drop at the start of the Exxon-sponsored Iditarod slushfest! #exxonknew. Way to go @AKRisingTide! https…,2016-03-06T22:58:45.000Z,17340976,en,,
RT @Exxon_Knew: Even @realDonaldTrump's enviro advisor agrees -- @exxonmobil is following the big tobacco playbook. #ExxonKnew https://t.co…,2016-10-11T12:36:18.000Z,39294556,en,,
RT @350action: Defrauding investors is unconstitutional. Lying about climate science for decades is unconscionable. #ExxonKnew https://t.co…,2016-06-30T17:11:19.000Z,17495913,en,,
"RT @RobinHoodTax: Facing hundreds of billions of dollars in potential damages, Exxon is trying to change the subject. https://t.co/6eYqmaZj…",2016-05-06T19:29:34.000Z,510678495,en,,
RT @tcktcktck: Hypersensitive Exxon bans Guardian from AGM https://t.co/AbHVQJK87x #ExxonKnew #ExxonAGM #ClimateChange,2016-05-26T05:35:08.000Z,592253328,en,,
It's not just that #ExxonKnew. Voting today shows that majority investors STILL don't care! https://t.co/NzyRBgXqoR https://t.co/Hif0J0EmgP,2016-05-25T21:12:24.000Z,3431545099,en,,
RT @billmckibben: It must be mildly worrisome to have 18 attorneys general on your tail #exxonknew https://t.co/jsBdP5X6dq,2016-03-31T01:31:54.000Z,1413707695,en,,
"The world's coral reefs didn't just die, they were killed #ExxonKnew https://t.co/4w2y3CGdXu",2016-08-23T19:19:26.000Z,201559589,en,,
"RT @MarkRuffalo: Why does Putin want Trump Pres? $500 billion opportunity for Exxon, Russia in Trump cabinet pick | MSNBC #ExxonKnew  https…",2016-12-11T00:51:09.000Z,1849587240,en,,
RT @GreenpeaceCA: Call for investigation as #ExxonKnew scandal spills into Canada  https://t.co/nz4bcyYvXN #cdnpoli https://t.co/DdKubdsKuD,2016-04-28T13:24:12.000Z,14266598,en,,
"All three Democratic candidates have called for an investigation, now states are looking to #divest from #exxonknew
https://t.co/PnYTJGT4yb",2016-01-08T21:27:04.000Z,14269768,en,,
Did Exxon commit fraud? Tell your attorney general to investigate: https://t.co/ST4ZDzKxFC #ExxonKnew,2016-06-15T23:12:27.000Z,604609935,en,,
RT ClimateTruthOrg: BREAKING NEWS: CA to investigate #ExxonMobil for lying about #climatechange #ExxonKnew … https://t.co/cjb2TfpzFz,2016-01-21T10:53:31.000Z,2278045674,en,,
"Exxon Killed the Reef. 
#ExxonKnew
https://t.co/Gst4PmINQ0 https://t.co/GDeoI4cJjs",2016-08-20T08:10:23.000Z,307976158,en,,
RT @Greenpeace: Rockefeller divests from 'morally reprehensible' Exxon https://t.co/5Rex3734B0 #ExxonKnew https://t.co/o8C3hXzWO6,2016-03-25T01:27:44.000Z,2724516488,en,,
RT @GreenpeaceCA: Big polluters (including #tarsands companies) face landmark human rights case https://t.co/87Qdax1Sev #ExxonKnew https://…,2016-07-27T22:14:19.000Z,2402539845,en,,
"RT @UCSUSA: ExxonMobil and Its Terrible, No Good, Very Bad Week: https://t.co/38Jtp7rjR5 https://t.co/9gC55DIbTl via @kathy_mulvey #exxonkn…",2016-11-05T13:39:36.000Z,4487944742,en,,
"RT @billmckibben: Great take by @Agent350 on today's #Exxonknew hearing: Our problem isn’t w/the science, our problem is w/the coverup http…",2016-09-15T01:38:16.000Z,24016690,en,,
RT @foodandwater: No slick PR campaign will make us forget #ExxonKnew about climate change for decades. Let's hold them accountable: https:…,2016-08-24T06:29:16.000Z,434536441,en,,
